notice_pmid,notice_doi,notice_title,notice_abstract,journal,year,publication_types,original_pmid,likely_misconduct,original_doi,original_title,container_title,retraction_abstract
41932802,10.1016/j.scijus.2026.101405,RETRACTED: The architecture of failure - A cross-national lifecycle analysis of forensic science governance breakdowns.,"This article has been retracted: please see Elsevier Policy on Article Withdrawal (https://www.elsevier.com/about/policies/article-withdrawal). This article has been retracted at the request of the Editor-in-Chief. Following publication, concerns were raised regarding factual inaccuracies, attribution errors, and instances where particular statements were not adequately supported by the cited references. The author submitted a detailed corrigendum addressing these matters. After review of the article, the proposed corrections, external expert input, and correspondence with the author, the Editor-in-Chief concluded that the issue could not be sufficiently resolved through correction and that retraction was necessary to maintain the accuracy of the scholarly record. The author was informed of the concerns and given the opportunity to respond prior to this decision.",Science & justice : journal of the Forensic Science Society,2026,Journal Article; Retraction Notice; Retracted Publication,,False,10.1016/j.scijus.2026.101405,RETRACTED: The architecture of failure - A cross-national lifecycle analysis of forensic science governance breakdowns.,Science & justice : journal of the Forensic Science Society,"This article has been retracted: please see Elsevier Policy on Article Withdrawal (https://www.elsevier.com/about/policies/article-withdrawal). This article has been retracted at the request of the Editor-in-Chief. Following publication, concerns were raised regarding factual inaccuracies, attribution errors, and instances where particular statements were not adequately supported by the cited references. The author submitted a detailed corrigendum addressing these matters. After review of the article, the proposed corrections, external expert input, and correspondence with the author, the Editor-in-Chief concluded that the issue could not be sufficiently resolved through correction and that retraction was necessary to maintain the accuracy of the scholarly record. The author was informed of the concerns and given the opportunity to respond prior to this decision."
41176488,10.1016/j.clbc.2025.09.010,"WITHDRAWN: Editorial for ""Real World Safety of Adjuvant Ultra Hypofractionated Radiotherapy in Nonmetastatic Breast Cancer: Acute Cutaneous Toxicity and Esthetic Outcomes"".","The Publisher regrets that this article is an accidental duplication of an article that has already been published, http://dx.doi.org/10.1016/j.clbc.2025.09.009. The duplicate article has therefore been withdrawn. The full Elsevier Policy on Article Withdrawal can be found at https://www.elsevier.com/about/policies-and-standards/article-withdrawal.",Clinical breast cancer,2026,Journal Article; Retracted Publication,,False,10.1016/j.clbc.2025.09.010,"WITHDRAWN: Editorial for ""Real World Safety of Adjuvant Ultra Hypofractionated Radiotherapy in Nonmetastatic Breast Cancer: Acute Cutaneous Toxicity and Esthetic Outcomes"".",Clinical breast cancer,"The Publisher regrets that this article is an accidental duplication of an article that has already been published, http://dx.doi.org/10.1016/j.clbc.2025.09.009. The duplicate article has therefore been withdrawn. The full Elsevier Policy on Article Withdrawal can be found at https://www.elsevier.com/about/policies-and-standards/article-withdrawal."
40719648,10.1097/jnr.0000000000000696,The Prevalence of Ethical Conflicts and Influencing Factors Among Critical Care Nurses in China: A National Cross-sectional Study: [RETRACTED].,"Ethical conflicts in nursing compromise both the quality of care provided to patients and the mental wellbeing of nurses. However, research on ethical conflicts in nursing in China is scarce. This study was developed to investigate the current situation of ethical conflict among critical care nurses and associated factors using a large-scale sample. From January 2022 to June 2022, convenience sampling was used to recruit critical care nurses in 7 geographic regions in China. The Ethical Conflict in Nursing Questionnaire-Critical Care Version was used to measure level of ethical conflict. A hierarchical linear regression analysis was adopted to determine the significant factors associated with ethical conflict and examine the relative contribution of different groups of factors to the explained variance. One thousand five hundred sixteen participants from 28 provinces were enrolled. The medians and interquartile range of the overall Chinese version of the Ethical Conflict in Nursing Questionnaire-Critical Care Version score were 75.5 (35.0, 125.0). Participant mean scores were high on scenarios related to resource management, withholding and withdrawing treatment, and procedures and treatments. After controlling for individual characteristics, educational factors, work-related variables, socioeconomic variables, and organizational factors, ethical conflict was found to be associated with educational level, job title, type of intensive care unit, monthly household income, geographic region, and frequency of meeting/discussing about ethical issues in the workplace. The organizational factors of ethics-related meetings and discussions in the workplace contributed the most to the explained variance. Based on the findings, critical care nurses in China have a moderate level of exposure to ethical conflicts. Similarities and differences are shared between this study and international studies with regard to the most conflictive scenarios in critical care nursing practice. Multilevel factors were found to be associated with ethical conflict in critical care nurses in China. The results may be used to assist nurse administrators to identify populations at greater risk of ethical conflict and to develop interventions targeted at different nursing levels to mitigate the experience of ethical conflict and improve mental well-being in critical care nurses.",The journal of nursing research : JNR,2025,Journal Article; Retracted Publication,,False,10.1097/jnr.0000000000000696,The Prevalence of Ethical Conflicts and Influencing Factors Among Critical Care Nurses in China: A National Cross-sectional Study: [RETRACTED].,The journal of nursing research : JNR,"Ethical conflicts in nursing compromise both the quality of care provided to patients and the mental wellbeing of nurses. However, research on ethical conflicts in nursing in China is scarce. This study was developed to investigate the current situation of ethical conflict among critical care nurses and associated factors using a large-scale sample. From January 2022 to June 2022, convenience sampling was used to recruit critical care nurses in 7 geographic regions in China. The Ethical Conflict in Nursing Questionnaire-Critical Care Version was used to measure level of ethical conflict. A hierarchical linear regression analysis was adopted to determine the significant factors associated with ethical conflict and examine the relative contribution of different groups of factors to the explained variance. One thousand five hundred sixteen participants from 28 provinces were enrolled. The medians and interquartile range of the overall Chinese version of the Ethical Conflict in Nursing Questionnaire-Critical Care Version score were 75.5 (35.0, 125.0). Participant mean scores were high on scenarios related to resource management, withholding and withdrawing treatment, and procedures and treatments. After controlling for individual characteristics, educational factors, work-related variables, socioeconomic variables, and organizational factors, ethical conflict was found to be associated with educational level, job title, type of intensive care unit, monthly household income, geographic region, and frequency of meeting/discussing about ethical issues in the workplace. The organizational factors of ethics-related meetings and discussions in the workplace contributed the most to the explained variance. Based on the findings, critical care nurses in China have a moderate level of exposure to ethical conflicts. Similarities and differences are shared between this study and international studies with regard to the most conflictive scenarios in critical care nursing practice. Multilevel factors were found to be associated with ethical conflict in critical care nurses in China. The results may be used to assist nurse administrators to identify populations at greater risk of ethical conflict and to develop interventions targeted at different nursing levels to mitigate the experience of ethical conflict and improve mental well-being in critical care nurses."
40679457,10.1016/j.jen.2025.06.004,REMOVED: Intentional Coingestion of RisperiDONE and Ethylene Glycol in a 35-Year-Old: A Case Review.,"This article has been removed: please see Elsevier policy on Article Correction, Retraction and Removal (https://www.elsevier.com/about/policies-and-standards/article-withdrawal). This article has been removed at the request of the Author. The Author has informed the journal that the article breaches the journal's policy on patient consent. As such, the article has been removed from the journal to protect the privacy of the patient.",Journal of emergency nursing,2025,Journal Article; Retraction Notice; Retracted Publication,,False,10.1016/j.jen.2025.06.004,REMOVED: Intentional Coingestion of RisperiDONE and Ethylene Glycol in a 35-Year-Old: A Case Review.,Journal of emergency nursing,"This article has been removed: please see Elsevier policy on Article Correction, Retraction and Removal (https://www.elsevier.com/about/policies-and-standards/article-withdrawal). This article has been removed at the request of the Author. The Author has informed the journal that the article breaches the journal's policy on patient consent. As such, the article has been removed from the journal to protect the privacy of the patient."
40553870,10.1016/j.ijbiomac.2025.145351,WITHDRAWN: ARHGAP4/ MYH9/ β-catenin/ c-Jun positive feedback loop regulates colorectal cancer stemness.,This article has been withdrawn at the request of the author(s) and/or editor due to an error in the publishing process. The Publisher apologizes for any inconvenience this may cause. The full Elsevier Policy on Article Withdrawal can be found at https://www.elsevier.com/about/policies-and-standards/article-withdrawal.,International journal of biological macromolecules,2025,Journal Article; Retracted Publication,,False,10.1016/j.ijbiomac.2025.145351,WITHDRAWN: ARHGAP4/ MYH9/ β-catenin/ c-Jun positive feedback loop regulates colorectal cancer stemness.,International journal of biological macromolecules,This article has been withdrawn at the request of the author(s) and/or editor due to an error in the publishing process. The Publisher apologizes for any inconvenience this may cause. The full Elsevier Policy on Article Withdrawal can be found at https://www.elsevier.com/about/policies-and-standards/article-withdrawal.
40523446,10.1016/j.humpath.2025.105854,WITHDRAWN: Atypical Intraductal Proliferation (AIP) of the Prostate: Findings in Repeat Biopsy or Radical Prostatectomy in Patients who Met Pathologic Criteria for Active Surveillance.,"The Publisher regrets that this article is an accidental duplication of an article that has already been published, https://doi.org/10.1016/j.humpath.2025.105841 The duplicate article has therefore been withdrawn. The full Elsevier Policy on Article Withdrawal can be found at <ce:inter-ref xlink:href=""https://www.elsevier.com/about/policies-and-standards/article-withdrawal"" id=""intref0015"">https://www.elsevier.com/about/policies-and-standards/article-withdrawal",Human pathology,2025,Journal Article; Retracted Publication,,False,10.1016/j.humpath.2025.105854,WITHDRAWN: Atypical Intraductal Proliferation (AIP) of the Prostate: Findings in Repeat Biopsy or Radical Prostatectomy in Patients who Met Pathologic Criteria for Active Surveillance.,Human pathology,"The Publisher regrets that this article is an accidental duplication of an article that has already been published, https://doi.org/10.1016/j.humpath.2025.105841 The duplicate article has therefore been withdrawn. The full Elsevier Policy on Article Withdrawal can be found at <ce:inter-ref xlink:href=""https://www.elsevier.com/about/policies-and-standards/article-withdrawal"" id=""intref0015"">https://www.elsevier.com/about/policies-and-standards/article-withdrawal"
40513495,10.1016/j.accpm.2025.101528,WITHDRAWN: Elevating anesthesia standards for adult congenital heart disease patients: Comprehensive guidelines for non-cardiac surgery.,"The Publisher regrets that this article is an accidental duplication of an article that has already been published in ACCPM, volume 44, Issue 4 (2025) / 101541, <https://doi.org/10.1016/j.accpm.2025.101541>. The duplicate article has therefore been withdrawn. The full Elsevier Policy on Article Withdrawal can be found at https://www.elsevier.com/about/policies-and-standards/article-withdrawal.","Anaesthesia, critical care & pain medicine",2025,Journal Article; Retracted Publication,,False,10.1016/j.accpm.2025.101528,WITHDRAWN: Elevating anesthesia standards for adult congenital heart disease patients: Comprehensive guidelines for non-cardiac surgery.,"Anaesthesia, critical care & pain medicine","The Publisher regrets that this article is an accidental duplication of an article that has already been published in ACCPM, volume 44, Issue 4 (2025) / 101541, <https://doi.org/10.1016/j.accpm.2025.101541>. The duplicate article has therefore been withdrawn. The full Elsevier Policy on Article Withdrawal can be found at https://www.elsevier.com/about/policies-and-standards/article-withdrawal."
40451669,10.1016/j.dld.2025.05.016,WITHDRAWN: Personalized bevacizumab dosing in metastatic colorectal cancer: Statistical considerations for a phase III randomized trial.,"The Publisher regrets that this article is an accidental duplication of an article that has already been published, http://dx.doi.org/10.1016/j.dld.2025.05.009. The duplicate article has therefore been withdrawn. The full Elsevier Policy on Article Withdrawal can be found at https://www.elsevier.com/about/policies-and-standards/article-withdrawal",Digestive and liver disease : official journal of the Italian Society of Gastroenterology and the Italian Association for the Study of the Liver,2025,Letter; Retracted Publication,,False,10.1016/j.dld.2025.05.016,WITHDRAWN: Personalized bevacizumab dosing in metastatic colorectal cancer: Statistical considerations for a phase III randomized trial.,Digestive and liver disease : official journal of the Italian Society of Gastroenterology and the Italian Association for the Study of the Liver,"The Publisher regrets that this article is an accidental duplication of an article that has already been published, http://dx.doi.org/10.1016/j.dld.2025.05.009. The duplicate article has therefore been withdrawn. The full Elsevier Policy on Article Withdrawal can be found at https://www.elsevier.com/about/policies-and-standards/article-withdrawal"
40445152,10.1016/j.jtho.2025.05.013,TEMPORARY REMOVAL: Tobacco News Update-From the IASLC Tobacco Control Committee.,"The publisher regrets that this article has been temporarily removed. A replacement will appear as soon as possible in which the reason for the removal of the article will be specified, or the article will be reinstated. The full Elsevier Policy on Article Withdrawal can be found at https://www.elsevier.com/about/policies-and-standards/article-withdrawal.",Journal of thoracic oncology : official publication of the International Association for the Study of Lung Cancer,2025,Journal Article; Retracted Publication,,False,10.1016/j.jtho.2025.05.013,TEMPORARY REMOVAL: Tobacco News Update-From the IASLC Tobacco Control Committee.,Journal of thoracic oncology : official publication of the International Association for the Study of Lung Cancer,"The publisher regrets that this article has been temporarily removed. A replacement will appear as soon as possible in which the reason for the removal of the article will be specified, or the article will be reinstated. The full Elsevier Policy on Article Withdrawal can be found at https://www.elsevier.com/about/policies-and-standards/article-withdrawal."
40402428,10.1007/s10620-025-09054-3,From Surgery to Strength: The Case for Mental Health Integration in Ileostomy Care.,"Ileostomy, a surgical intervention required for conditions such as inflammatory bowel disease (IBD), colorectal cancer, trauma, and sepsis, can be a transformative intervention and imposes substantial physical and psychological challenges on patients. While the physical aspects of ileostomy care are well addressed, the psychological burden-marked by anxiety, depression, and diminished quality of life-remains underrecognized in clinical practice. This perspective article underscores the critical role of mental health in ileostomy recovery, highlighting variations in psychological distress and recovery trajectories across adult patient populations. For some, such as those with IBD, the ileostomy represents relief from debilitating symptoms. For others, including trauma or cancer patients, the stoma may symbolize loss, exacerbating emotional distress. Unaddressed psychological distress can impede recovery through physiological mechanisms (e.g., dysregulated inflammation, impaired immunity) and behavioral pathways (e.g., nonadherence to care, social withdrawal). Compounding this issue is a pervasive gap in clinician training: few healthcare providers are equipped to address the unique mental health needs of ostomy patients. This article synthesizes emerging evidence to advocate for the integration of mental health support into ileostomy care, emphasizing its potential to optimize outcomes across diverse adult populations and drawing parallels to successful mental health integration in other chronic and acute health conditions.",Digestive diseases and sciences,2025,Journal Article; Retracted Publication,,False,10.1007/s10620-025-09054-3,From Surgery to Strength: The Case for Mental Health Integration in Ileostomy Care.,Digestive diseases and sciences,"Ileostomy, a surgical intervention required for conditions such as inflammatory bowel disease (IBD), colorectal cancer, trauma, and sepsis, can be a transformative intervention and imposes substantial physical and psychological challenges on patients. While the physical aspects of ileostomy care are well addressed, the psychological burden-marked by anxiety, depression, and diminished quality of life-remains underrecognized in clinical practice. This perspective article underscores the critical role of mental health in ileostomy recovery, highlighting variations in psychological distress and recovery trajectories across adult patient populations. For some, such as those with IBD, the ileostomy represents relief from debilitating symptoms. For others, including trauma or cancer patients, the stoma may symbolize loss, exacerbating emotional distress. Unaddressed psychological distress can impede recovery through physiological mechanisms (e.g., dysregulated inflammation, impaired immunity) and behavioral pathways (e.g., nonadherence to care, social withdrawal). Compounding this issue is a pervasive gap in clinician training: few healthcare providers are equipped to address the unique mental health needs of ostomy patients. This article synthesizes emerging evidence to advocate for the integration of mental health support into ileostomy care, emphasizing its potential to optimize outcomes across diverse adult populations and drawing parallels to successful mental health integration in other chronic and acute health conditions."
40374150,10.1016/j.fitote.2025.106621,WITHDRAWN: Integrating serum pharmacochemistry and network pharmacology to explore the potential mechanisms of Xianshen formula in the prevention of exercise-induced fatigue.,This article has been withdrawn at the request of the author(s) and/or editor due to an error in the publishing process. The Publisher apologizes for any inconvenience this may cause. The full Elsevier Policy on Article Withdrawal can be found at https://www.elsevier.com/about/policies-and-standards/article-withdrawal.,Fitoterapia,2025,Journal Article; Retracted Publication,,False,10.1016/j.fitote.2025.106621,WITHDRAWN: Integrating serum pharmacochemistry and network pharmacology to explore the potential mechanisms of Xianshen formula in the prevention of exercise-induced fatigue.,Fitoterapia,This article has been withdrawn at the request of the author(s) and/or editor due to an error in the publishing process. The Publisher apologizes for any inconvenience this may cause. The full Elsevier Policy on Article Withdrawal can be found at https://www.elsevier.com/about/policies-and-standards/article-withdrawal.
40373946,10.1016/j.clindermatol.2025.05.011,WITHDRAWN: Cancer and Hidradenitis Suppurativa.,"The Publisher regrets that this article is an accidental duplication of an article that has already been published, http://dx.doi.org/10.1016/j.clindermatol.2025.05.011. The duplicate article has therefore been withdrawn. The full Elsevier Policy on Article Withdrawal can be found at https://www.elsevier.com/about/policies-and-standards/article-withdrawal.",Clinics in dermatology,2025,Journal Article; Retracted Publication,,False,10.1016/j.clindermatol.2025.05.011,WITHDRAWN: Cancer and Hidradenitis Suppurativa.,Clinics in dermatology,"The Publisher regrets that this article is an accidental duplication of an article that has already been published, http://dx.doi.org/10.1016/j.clindermatol.2025.05.011. The duplicate article has therefore been withdrawn. The full Elsevier Policy on Article Withdrawal can be found at https://www.elsevier.com/about/policies-and-standards/article-withdrawal."
40349810,10.1016/j.cellsig.2025.111860,WITHDRAWN: LINC01614 enhances neural invasion and gastric cancer progression by stabilizing VCAM1 and activating the AKT/mTOR pathway.,This article has been withdrawn at the request of the author(s) and/or editor due to an error in the publishing process. The Publisher apologizes for any inconvenience this may cause. The full Elsevier Policy on Article Withdrawal can be found at https://www.elsevier.com/about/policies-and-standards/article-withdrawal.,Cellular signalling,2025,Journal Article; Retracted Publication,,False,10.1016/j.cellsig.2025.111860,WITHDRAWN: LINC01614 enhances neural invasion and gastric cancer progression by stabilizing VCAM1 and activating the AKT/mTOR pathway.,Cellular signalling,This article has been withdrawn at the request of the author(s) and/or editor due to an error in the publishing process. The Publisher apologizes for any inconvenience this may cause. The full Elsevier Policy on Article Withdrawal can be found at https://www.elsevier.com/about/policies-and-standards/article-withdrawal.
40316200,10.1016/j.jbspin.2025.105915,WITHDRAWN: Weighing in on obesity and psoriatic arthritis - Time to move beyond association to robust randomised trials.,"The Publisher regrets that this article is an accidental duplication of an article that has already been published, https://doi.org/10.1016/j.jbspin.2025.105904. The duplicate article has therefore been withdrawn. The full Elsevier Policy on Article Withdrawal can be found at https://www.elsevier.com/about/policies-and-standards/article-withdrawal.",Joint bone spine,2025,Journal Article; Retracted Publication,,False,10.1016/j.jbspin.2025.105915,WITHDRAWN: Weighing in on obesity and psoriatic arthritis - Time to move beyond association to robust randomised trials.,Joint bone spine,"The Publisher regrets that this article is an accidental duplication of an article that has already been published, https://doi.org/10.1016/j.jbspin.2025.105904. The duplicate article has therefore been withdrawn. The full Elsevier Policy on Article Withdrawal can be found at https://www.elsevier.com/about/policies-and-standards/article-withdrawal."
40280336,10.1016/j.ijcard.2025.133309,RETRACTED: Myocardial contraction fraction in HFpEF: Prognostic value and unaddressed confounders.,"This article has been retracted: please see Elsevier policy on Article Correction, Retraction and Removal (https://www.elsevier.com/about/policies-and-standards/article-withdrawal). This Letter to the Editor, 'Myocardial contraction fraction in HFpEF: Prognostic value and unaddressed confounders', has been retracted at the request of the Editor-in-Chief and the Authors. The authors have notified the journal that the suggestion on the effects of disorders in serum potassium levels and unadjusted confounding factors such as patients with cardiomyopathy requires substantial clarification. The authors' exploration of MCF was primarily preliminary, and has inadvertently misrepresented the authors' discussion. Due to the significance of the reanalysis and its potential implications for the study's interpretation, the authors and the editorial board have agreed that the most responsible course of action is to retract the article.",International journal of cardiology,2025,Letter; Retracted Publication,,False,10.1016/j.ijcard.2025.133309,RETRACTED: Myocardial contraction fraction in HFpEF: Prognostic value and unaddressed confounders.,International journal of cardiology,"This article has been retracted: please see Elsevier policy on Article Correction, Retraction and Removal (https://www.elsevier.com/about/policies-and-standards/article-withdrawal). This Letter to the Editor, 'Myocardial contraction fraction in HFpEF: Prognostic value and unaddressed confounders', has been retracted at the request of the Editor-in-Chief and the Authors. The authors have notified the journal that the suggestion on the effects of disorders in serum potassium levels and unadjusted confounding factors such as patients with cardiomyopathy requires substantial clarification. The authors' exploration of MCF was primarily preliminary, and has inadvertently misrepresented the authors' discussion. Due to the significance of the reanalysis and its potential implications for the study's interpretation, the authors and the editorial board have agreed that the most responsible course of action is to retract the article."
40228635,10.1016/j.bcp.2025.116949,Withdrawal notice to: ATR-mediated phosphorylation of RIPK1 inhibits DNA damage-induced necroptosis.,This article has been withdrawn at the request of the editor and publisher. The publisher regrets that an error occurred which led to the premature publication of this paper. This error bears no reflection on the article or its authors. The publisher apologizes to the authors and the readers for this unfortunate error. The full Elsevier Policy on Article Withdrawal can be found at (https://www.elsevier.com/about/policies-and-standards/article-withdrawal).,Biochemical pharmacology,2025,Journal Article; Retraction Notice; Retracted Publication,,False,10.1016/j.bcp.2025.116949,Withdrawal notice to: ATR-mediated phosphorylation of RIPK1 inhibits DNA damage-induced necroptosis.,Biochemical pharmacology,This article has been withdrawn at the request of the editor and publisher. The publisher regrets that an error occurred which led to the premature publication of this paper. This error bears no reflection on the article or its authors. The publisher apologizes to the authors and the readers for this unfortunate error. The full Elsevier Policy on Article Withdrawal can be found at (https://www.elsevier.com/about/policies-and-standards/article-withdrawal).
40216257,10.1016/j.slast.2025.100289,WITHDRAWN: An ultra-performance liquid chromatography-tandem mass spectrometry method for the determination of deoxycholic acid and application to a pharmacokinetic study in human plasma.,This article has been withdrawn at the request of the author(s) and/or editor due to an error in the publishing process. The Publisher apologizes for any inconvenience this may cause. The full Elsevier Policy on Article Withdrawal can be found at https://www.elsevier.com/about/policies-and-standards/article-withdrawal.,SLAS technology,2025,Journal Article; Retracted Publication,,False,10.1016/j.slast.2025.100289,WITHDRAWN: An ultra-performance liquid chromatography-tandem mass spectrometry method for the determination of deoxycholic acid and application to a pharmacokinetic study in human plasma.,SLAS technology,This article has been withdrawn at the request of the author(s) and/or editor due to an error in the publishing process. The Publisher apologizes for any inconvenience this may cause. The full Elsevier Policy on Article Withdrawal can be found at https://www.elsevier.com/about/policies-and-standards/article-withdrawal.
40204156,10.1016/j.virs.2025.04.002,WITHDRAWN: Comparative metatranscriptome analysis in gut reveals insignificant host or microbiota changes in SARS-related coronavirus naturally infected bats.,The publisher regrets that this article has withdrawn. The full Elsevier Policy on Article Withdrawal can be found athttps://www.elsevier.com/about/policies-and-standards/article-withdrawal.,Virologica Sinica,2025,Journal Article; Retracted Publication,,False,10.1016/j.virs.2025.04.002,WITHDRAWN: Comparative metatranscriptome analysis in gut reveals insignificant host or microbiota changes in SARS-related coronavirus naturally infected bats.,Virologica Sinica,The publisher regrets that this article has withdrawn. The full Elsevier Policy on Article Withdrawal can be found athttps://www.elsevier.com/about/policies-and-standards/article-withdrawal.
40199110,10.1016/j.chemosphere.2025.144353,"RETRACTED: Meteorological influences on air pollution dynamics in pollution epicentre of National Capital Region, India.","This article has been retracted: please see Elsevier policy on article withdrawal (https://www.elsevier.com/about/policies-and-standards/article-withdrawal). This article has been retracted at the request of the Editors. The journal was contacted by Jan Cermak who informed us that he had not consented to the submission of this paper and should not be listed as an author as he made no meaningful contribution to it and that, therefore, his role as documented in the article's 'sCRediT authorship contribution statement's is incorrect. The corresponding author, Susanta Mahato, was contacted about these concerns and provided various items of documentation regarding a visit to Professor Cermak'ss lab from May to July 2024 and an email to Professor Cermak making him aware of a manuscript that was in preparation. However, none of this documentation provided any evidence that Professor Cermak had consented to be an author of the manuscript. It was also discovered that Mahato had provided an incorrect email address for Cermak during the submission process. Authors Joshi and Kindu confirmed that they had consented to submission, although author Joshi indicated that the email address provided by Mahato during the submission process was also incorrect. The Editors have therefore lost confidence in the contributions of the authors presented in this article as a whole, and are retracting it.",Chemosphere,2025,Journal Article; Retracted Publication,,False,10.1016/j.chemosphere.2025.144353,"RETRACTED: Meteorological influences on air pollution dynamics in pollution epicentre of National Capital Region, India.",Chemosphere,"This article has been retracted: please see Elsevier policy on article withdrawal (https://www.elsevier.com/about/policies-and-standards/article-withdrawal). This article has been retracted at the request of the Editors. The journal was contacted by Jan Cermak who informed us that he had not consented to the submission of this paper and should not be listed as an author as he made no meaningful contribution to it and that, therefore, his role as documented in the article's 'sCRediT authorship contribution statement's is incorrect. The corresponding author, Susanta Mahato, was contacted about these concerns and provided various items of documentation regarding a visit to Professor Cermak'ss lab from May to July 2024 and an email to Professor Cermak making him aware of a manuscript that was in preparation. However, none of this documentation provided any evidence that Professor Cermak had consented to be an author of the manuscript. It was also discovered that Mahato had provided an incorrect email address for Cermak during the submission process. Authors Joshi and Kindu confirmed that they had consented to submission, although author Joshi indicated that the email address provided by Mahato during the submission process was also incorrect. The Editors have therefore lost confidence in the contributions of the authors presented in this article as a whole, and are retracting it."
40158566,10.1016/j.ijbiomac.2025.142612,WITHDRAWN: Exopolysaccharide from Bifidobacterium longum subsp. infantis E4: Structural analysis and immunoregulation activities.,This article has been withdrawn at the request of the author(s) and/or editor due to an error in the publishing process. The Publisher apologizes for any inconvenience this may cause. The full Elsevier Policy on Article Withdrawal can be found at https://www.elsevier.com/about/policies-and-standards/article-withdrawal.,International journal of biological macromolecules,2025,Journal Article; Retracted Publication,,False,10.1016/j.ijbiomac.2025.142612,WITHDRAWN: Exopolysaccharide from Bifidobacterium longum subsp. infantis E4: Structural analysis and immunoregulation activities.,International journal of biological macromolecules,This article has been withdrawn at the request of the author(s) and/or editor due to an error in the publishing process. The Publisher apologizes for any inconvenience this may cause. The full Elsevier Policy on Article Withdrawal can be found at https://www.elsevier.com/about/policies-and-standards/article-withdrawal.
40122385,10.1016/j.slast.2025.100273,WITHDRAWN: Intelligent Medical Assessment of the Impact of Anesthesia and Sedation Depth on Cognitive Function after Gynecological Laparoscopic Surgery.,This article has been withdrawn at the request of the author(s) and/or editor due to an error in the publishing process. The Publisher apologizes for any inconvenience this may cause. The full Elsevier Policy on Article Withdrawal can be found at https://www.elsevier.com/about/policies-and-standards/article-withdrawal.,SLAS technology,2025,Journal Article; Retracted Publication,,False,10.1016/j.slast.2025.100273,WITHDRAWN: Intelligent Medical Assessment of the Impact of Anesthesia and Sedation Depth on Cognitive Function after Gynecological Laparoscopic Surgery.,SLAS technology,This article has been withdrawn at the request of the author(s) and/or editor due to an error in the publishing process. The Publisher apologizes for any inconvenience this may cause. The full Elsevier Policy on Article Withdrawal can be found at https://www.elsevier.com/about/policies-and-standards/article-withdrawal.
40122220,10.1016/j.ijpharm.2025.125475,WITHDRAWN: Impact of various electromagnetic fields on the transdermal permeability of naproxen and the effect of active compound exposure on magnetic field properties.,This article has been withdrawn: please see Elsevier Policy on Article Withdrawal (https://www.elsevier.com/about/policies-and-standards/article-withdrawal). This article has been withdrawn at the request of the editor and publisher. The publisher regrets that an error occurred which led to the premature publication of this paper. This error bears no reflection on the article or its authors. The publisher apologizes to the authors and the readers for this unfortunate error.,International journal of pharmaceutics,2025,Journal Article; Retracted Publication,,False,10.1016/j.ijpharm.2025.125475,WITHDRAWN: Impact of various electromagnetic fields on the transdermal permeability of naproxen and the effect of active compound exposure on magnetic field properties.,International journal of pharmaceutics,This article has been withdrawn: please see Elsevier Policy on Article Withdrawal (https://www.elsevier.com/about/policies-and-standards/article-withdrawal). This article has been withdrawn at the request of the editor and publisher. The publisher regrets that an error occurred which led to the premature publication of this paper. This error bears no reflection on the article or its authors. The publisher apologizes to the authors and the readers for this unfortunate error.
40102170,10.1016/j.ctarc.2025.100873,WITHDRAWN: Association between Prostatic Calculi and Prostate Cancer.,This article has been withdrawn at the request of the author(s) and/or editor. The Publisher apologizes for any inconvenience this may cause. The full Elsevier Policy on Article Withdrawal can be found at https://www.elsevier.com/about/policies/article-withdrawal.,Cancer treatment and research communications,2025,Journal Article; Retracted Publication,,False,10.1016/j.ctarc.2025.100873,WITHDRAWN: Association between Prostatic Calculi and Prostate Cancer.,Cancer treatment and research communications,This article has been withdrawn at the request of the author(s) and/or editor. The Publisher apologizes for any inconvenience this may cause. The full Elsevier Policy on Article Withdrawal can be found at https://www.elsevier.com/about/policies/article-withdrawal.
40074213,10.1055/a-2557-4592,Retraction Note: Morin attenuates ferroptosis via activation of the SIRT1/p53/SLC7A11 signaling pathway to alleviate diabetic cardiomyopathy in vivo.,"The article Morin Attenuates Ferroptosis via Activation of the SIRT1/p53/SLC7A11 Signaling Pathway to Alleviate Diabetic Cardiomyopathy In Vivo, by Qingmei Wang, Xuanguo Zhang and Li Xi, published online on March 12, 2025 has been retracted by the Editor-in-Chief and the Publisher. Following an internal investigation by the Publisher, irregularities with respect to the submission and peer review were found. Consequently, the Editor-in-Chief therefore no longer has confidence in the results and conclusions presented in the article. The authors do not agree with this retraction.","Experimental and clinical endocrinology & diabetes : official journal, German Society of Endocrinology [and] German Diabetes Association",2025,Journal Article; Retracted Publication,,False,10.1055/a-2557-4592,Retraction Note: Morin attenuates ferroptosis via activation of the SIRT1/p53/SLC7A11 signaling pathway to alleviate diabetic cardiomyopathy in vivo.,"Experimental and clinical endocrinology & diabetes : official journal, German Society of Endocrinology [and] German Diabetes Association","The article Morin Attenuates Ferroptosis via Activation of the SIRT1/p53/SLC7A11 Signaling Pathway to Alleviate Diabetic Cardiomyopathy In Vivo, by Qingmei Wang, Xuanguo Zhang and Li Xi, published online on March 12, 2025 has been retracted by the Editor-in-Chief and the Publisher. Following an internal investigation by the Publisher, irregularities with respect to the submission and peer review were found. Consequently, the Editor-in-Chief therefore no longer has confidence in the results and conclusions presented in the article. The authors do not agree with this retraction."
40056935,10.1016/j.jhep.2025.02.043,WITHDRAWN: Letter to the editor: Several questions about the study of hypothermic oxygenated machine perfusion.,This article has been withdrawn at the request of the author(s) and/or editor due to an error in the publishing process. The Publisher apologizes for any inconvenience this may cause. The full Elsevier Policy on Article Withdrawal can be found at https://www.elsevier.com/about/policies-and-standards/article-withdrawal,Journal of hepatology,2025,Letter; Retracted Publication,,False,10.1016/j.jhep.2025.02.043,WITHDRAWN: Letter to the editor: Several questions about the study of hypothermic oxygenated machine perfusion.,Journal of hepatology,This article has been withdrawn at the request of the author(s) and/or editor due to an error in the publishing process. The Publisher apologizes for any inconvenience this may cause. The full Elsevier Policy on Article Withdrawal can be found at https://www.elsevier.com/about/policies-and-standards/article-withdrawal
40050158,10.1016/j.bbrc.2025.151516,WITHDRAWN: In vitro reconstitution of temperature-dependent phosphorylation of DEHYDRATION-RESPONSIVE ELEMENT BINDING PROTEIN2A reveals the thermal sensing ability of Arabidopsis CASEIN KINASE 1.,This article has been withdrawn at the request of the author(s) and/or editor. The Publisher apologizes for any inconvenience this may cause. The full Elsevier Policy on Article Withdrawal can be found at https://www.elsevier.com/about/policies/article-withdrawal.,Biochemical and biophysical research communications,2025,Journal Article; Retracted Publication,,False,10.1016/j.bbrc.2025.151516,WITHDRAWN: In vitro reconstitution of temperature-dependent phosphorylation of DEHYDRATION-RESPONSIVE ELEMENT BINDING PROTEIN2A reveals the thermal sensing ability of Arabidopsis CASEIN KINASE 1.,Biochemical and biophysical research communications,This article has been withdrawn at the request of the author(s) and/or editor. The Publisher apologizes for any inconvenience this may cause. The full Elsevier Policy on Article Withdrawal can be found at https://www.elsevier.com/about/policies/article-withdrawal.
40049080,10.1016/j.nedt.2025.106658,WITHDRAWN: Nursing in tune: Evaluation of the effectiveness of podcasts as an educational tool for undergraduate students - A cross-sectional study.,This article has been withdrawn: please see Elsevier Policy on Article Withdrawal (https://www.elsevier.com/about/policies/article-withdrawal). This article has been withdrawn at the request of the editor and publisher. The publisher regrets that an error occurred which led to the premature publication of this paper. This error bears no reflection on the article or its authors. The publisher apologizes to the authors and the readers for this unfortunate error.,Nurse education today,2025,Journal Article; Retracted Publication,,False,10.1016/j.nedt.2025.106658,WITHDRAWN: Nursing in tune: Evaluation of the effectiveness of podcasts as an educational tool for undergraduate students - A cross-sectional study.,Nurse education today,This article has been withdrawn: please see Elsevier Policy on Article Withdrawal (https://www.elsevier.com/about/policies/article-withdrawal). This article has been withdrawn at the request of the editor and publisher. The publisher regrets that an error occurred which led to the premature publication of this paper. This error bears no reflection on the article or its authors. The publisher apologizes to the authors and the readers for this unfortunate error.
40044562,10.1016/j.sempedsurg.2025.151472,WITHDRAWN: Surgical Strategies for Biliary Atresia in Children: A Meta-Analysis of Laparoscopic and Open Techniques.,"This article has been withdrawn at the request of the Editor. This manuscript is completing the peer review process. It will be available when the peer review is completed, and it is accepted for publication. The Publisher apologizes for any inconvenience this may cause. The full Elsevier Policy on Article Withdrawal can be found at https://www.elsevier.com/about/policies/article-withdrawal.",Seminars in pediatric surgery,2025,Journal Article; Retracted Publication,,False,10.1016/j.sempedsurg.2025.151472,WITHDRAWN: Surgical Strategies for Biliary Atresia in Children: A Meta-Analysis of Laparoscopic and Open Techniques.,Seminars in pediatric surgery,"This article has been withdrawn at the request of the Editor. This manuscript is completing the peer review process. It will be available when the peer review is completed, and it is accepted for publication. The Publisher apologizes for any inconvenience this may cause. The full Elsevier Policy on Article Withdrawal can be found at https://www.elsevier.com/about/policies/article-withdrawal."
40032175,10.1016/j.ejphar.2025.177440,"WITHDRAWN: Effects of Deinorgestrel Treatment of Endometriosis on Ovarian Function, Inflammatory Factors, and Pregnancy Rate in Patients.",This article has been withdrawn at the request of the author(s) and/or editor due to an error in the publishing process. The Publisher apologizes for any inconvenience this may cause. The full Elsevier Policy on Article Withdrawal can be found at https://www.elsevier.com/about/policies-and-standards/article-withdrawal.,European journal of pharmacology,2025,Journal Article; Retracted Publication,,False,10.1016/j.ejphar.2025.177440,"WITHDRAWN: Effects of Deinorgestrel Treatment of Endometriosis on Ovarian Function, Inflammatory Factors, and Pregnancy Rate in Patients.",European journal of pharmacology,This article has been withdrawn at the request of the author(s) and/or editor due to an error in the publishing process. The Publisher apologizes for any inconvenience this may cause. The full Elsevier Policy on Article Withdrawal can be found at https://www.elsevier.com/about/policies-and-standards/article-withdrawal.
40011161,10.1016/j.prp.2025.155839,WITHDRAWN: Is TGF-β1 And SMAD-7 Expression At Diagnosis Predictive Of Treatment Response In Patients With Low-Risk Myelodysplastic Syndrome?,This article has been withdrawn at the request of the author(s) and/or editor. The Publisher apologizes for any inconvenience this may cause. The full Elsevier Policy on Article Withdrawal can be found at https://www.elsevier.com/about/policies/article-withdrawal.,"Pathology, research and practice",2025,Journal Article; Retracted Publication,,False,10.1016/j.prp.2025.155839,WITHDRAWN: Is TGF-β1 And SMAD-7 Expression At Diagnosis Predictive Of Treatment Response In Patients With Low-Risk Myelodysplastic Syndrome?,"Pathology, research and practice",This article has been withdrawn at the request of the author(s) and/or editor. The Publisher apologizes for any inconvenience this may cause. The full Elsevier Policy on Article Withdrawal can be found at https://www.elsevier.com/about/policies/article-withdrawal.
39985542,10.1016/j.jcyt.2023.09.004,"WITHDRAWN: Expression of concern: ""Combined 4-1BB and ICOS co-stimulation improves anti-tumor efficacy and persistence of dual anti-CD19/CD20 chimeric antigen receptor T cells"" [Cytotherapy, Volume 23, Issue 8, 2021, 715-723].",This article has been withdrawn at the request of the author(s) and/or editor. The Publisher apologizes for any inconvenience this may cause. The full Elsevier Policy on Article Withdrawal can be found at https://www.elsevier.com/about/policies/article-withdrawal.,Cytotherapy,2024,Journal Article; Retraction Notice; Retracted Publication; Expression of Concern,,False,10.1016/j.jcyt.2023.09.004,"WITHDRAWN: Expression of concern: ""Combined 4-1BB and ICOS co-stimulation improves anti-tumor efficacy and persistence of dual anti-CD19/CD20 chimeric antigen receptor T cells"" [Cytotherapy, Volume 23, Issue 8, 2021, 715-723].",Cytotherapy,This article has been withdrawn at the request of the author(s) and/or editor. The Publisher apologizes for any inconvenience this may cause. The full Elsevier Policy on Article Withdrawal can be found at https://www.elsevier.com/about/policies/article-withdrawal.
39938857,10.1016/j.ejphar.2025.177354,WITHDRAWN: In-Depth Analysis of Mangiferin and Its Formulations for Alleviating Neurodegenerative Diseases: A Comprehensive Review.,This article has been withdrawn at the request of the author(s) and/or editor. The Publisher apologizes for any inconvenience this may cause. The full Elsevier Policy on Article Withdrawal can be found at https://www.elsevier.com/about/policies/article-withdrawal,European journal of pharmacology,2025,Journal Article; Retracted Publication,,False,10.1016/j.ejphar.2025.177354,WITHDRAWN: In-Depth Analysis of Mangiferin and Its Formulations for Alleviating Neurodegenerative Diseases: A Comprehensive Review.,European journal of pharmacology,This article has been withdrawn at the request of the author(s) and/or editor. The Publisher apologizes for any inconvenience this may cause. The full Elsevier Policy on Article Withdrawal can be found at https://www.elsevier.com/about/policies/article-withdrawal
39894433,10.1016/j.ejphar.2025.177321,WITHDRAWN: Editorial: Research and development of new treatments for hypertension.,"The Publisher regrets that this article is an accidental duplication of an article that has already been published, http://dx.doi.org/10.1016/j.ejphar.2025.177321. The duplicate article has therefore been withdrawn. The full Elsevier Policy on Article Withdrawal can be found at https://www.elsevier.com/about/policies/article-withdrawal.",European journal of pharmacology,2025,Journal Article; Retracted Publication,,False,10.1016/j.ejphar.2025.177321,WITHDRAWN: Editorial: Research and development of new treatments for hypertension.,European journal of pharmacology,"The Publisher regrets that this article is an accidental duplication of an article that has already been published, http://dx.doi.org/10.1016/j.ejphar.2025.177321. The duplicate article has therefore been withdrawn. The full Elsevier Policy on Article Withdrawal can be found at https://www.elsevier.com/about/policies/article-withdrawal."
39890007,10.1016/j.cryobiol.2025.105206,"Withdrawn : Application of a single ""Universal warming protocol"" for vitrified donor oocytes: A multicenter study.","Author wanted to withdraw the paper as they are not interested in having it published in the journal Cryobiology. Approved by EIC and Publisher. As S5 was not published in SD, so we have proceeded with expiring the article from the production system",Cryobiology,2025,Journal Article; Retracted Publication,,False,10.1016/j.cryobiol.2025.105206,"Withdrawn : Application of a single ""Universal warming protocol"" for vitrified donor oocytes: A multicenter study.",Cryobiology,"Author wanted to withdraw the paper as they are not interested in having it published in the journal Cryobiology. Approved by EIC and Publisher. As S5 was not published in SD, so we have proceeded with expiring the article from the production system"
39788432,10.1016/j.arr.2025.102656,WITHDRAWN: Biomarker Detection and Therapy of Parkinson's and Alzheimer's disease using upconversion based approach: A Comprehensive Review.,This article has been withdrawn at the request of the author(s). The Publisher apologizes for any inconvenience this may cause. The full Elsevier Policy on Article Withdrawal can be found at https://www.elsevier.com/about/policies/article-withdrawal.,Ageing research reviews,2025,Journal Article; Retracted Publication,,False,10.1016/j.arr.2025.102656,WITHDRAWN: Biomarker Detection and Therapy of Parkinson's and Alzheimer's disease using upconversion based approach: A Comprehensive Review.,Ageing research reviews,This article has been withdrawn at the request of the author(s). The Publisher apologizes for any inconvenience this may cause. The full Elsevier Policy on Article Withdrawal can be found at https://www.elsevier.com/about/policies/article-withdrawal.
39743115,10.1016/j.ijbiomac.2024.139326,WITHDRAWN: Intense and vibrant color construction and functionalization for protein macromolecule/polyamide two-component fabric by sustainable microbial nano prodigiosins based on adjustable pigment allocation.,This article has been withdrawn: please see Elsevier Policy on Article Withdrawal (https://www.elsevier.com/about/policies/article-withdrawal). This article has been withdrawn at the request of the editor and publisher. The publisher regrets that an error occurred which led to the premature publication of this paper. This error bears no reflection on the article or its authors. The publisher apologizes to the authors and the readers for this unfortunate error.,International journal of biological macromolecules,2025,Journal Article; Retracted Publication,,False,10.1016/j.ijbiomac.2024.139326,WITHDRAWN: Intense and vibrant color construction and functionalization for protein macromolecule/polyamide two-component fabric by sustainable microbial nano prodigiosins based on adjustable pigment allocation.,International journal of biological macromolecules,This article has been withdrawn: please see Elsevier Policy on Article Withdrawal (https://www.elsevier.com/about/policies/article-withdrawal). This article has been withdrawn at the request of the editor and publisher. The publisher regrets that an error occurred which led to the premature publication of this paper. This error bears no reflection on the article or its authors. The publisher apologizes to the authors and the readers for this unfortunate error.
39719243,10.1016/j.bbabio.2024.149534,WITHDRAWN: There is often - But not always - An alternative!,"The Publisher regrets that this article is an accidental duplication of an article that has already been published, https://doi.org/10.1016/j.bbabio.2024.149534. The duplicate article has therefore been withdrawn. The full Elsevier Policy on Article Withdrawal can be found at https://www.elsevier.com/about/policies/article-withdrawal.",Biochimica et biophysica acta. Bioenergetics,2024,Journal Article; Retracted Publication,,False,10.1016/j.bbabio.2024.149534,WITHDRAWN: There is often - But not always - An alternative!,Biochimica et biophysica acta. Bioenergetics,"The Publisher regrets that this article is an accidental duplication of an article that has already been published, https://doi.org/10.1016/j.bbabio.2024.149534. The duplicate article has therefore been withdrawn. The full Elsevier Policy on Article Withdrawal can be found at https://www.elsevier.com/about/policies/article-withdrawal."
39706391,10.1016/j.cpcardiol.2024.102976,"WITHDRAWN: Myocardial Fibrosis in Diabetic Cardiomyopathy: Mechanisms, Implications, and Therapeutic Perspectives.",This article has been withdrawn at the request of the author(s) and/or editor. The Publisher apologizes for any inconvenience this may cause. The full Elsevier Policy on Article Withdrawal can be found at https://www.elsevier.com/about/policies/article-withdrawal,Current problems in cardiology,2024,Journal Article; Review; Retracted Publication,,False,10.1016/j.cpcardiol.2024.102976,"WITHDRAWN: Myocardial Fibrosis in Diabetic Cardiomyopathy: Mechanisms, Implications, and Therapeutic Perspectives.",Current problems in cardiology,This article has been withdrawn at the request of the author(s) and/or editor. The Publisher apologizes for any inconvenience this may cause. The full Elsevier Policy on Article Withdrawal can be found at https://www.elsevier.com/about/policies/article-withdrawal
