paper_id,condition,finding_idx,severity,gt_match,finding_text
C01,graduated_dissent,1,MAJOR-REVISION,False,"No systematic, reproducible evidence review methodology despite the paper presenting authoritative, evidence-based global recommendations."
C01,graduated_dissent,2,MAJOR-REVISION,False,"Informal, undocumented consensus-development process for generating global recommendations."
C01,graduated_dissent,3,MAJOR-REVISION,False,Apparent citation/reference mismatches and numbering inconsistencies throughout the manuscript.
C01,graduated_dissent,4,MAJOR-REVISION,False,"Global applicability claims exceed the evidence base, which is dominated by high-income, English-speaking countries."
C01,graduated_dissent,5,MAJOR-REVISION,False,Causal language used where the underlying evidence is predominantly observational or associative.
C01,graduated_dissent,6,MAJOR-REVISION,False,Recommendations presented as evidence-based best practice without distinguishing levels of evidence support (direct intervention evidence vs. expert opinion vs. theory).
C01,graduated_dissent,7,MAJOR-REVISION,False,Unclear article type classification (position statement vs. consensus statement vs. narrative review vs. guideline) creating confusion about appropriate methodological expectations.
C01,graduated_dissent,8,MINOR,False,"Potential conflict of interest (author working with WW International) not fully managed in the consensus process, with citation of commercial-program data."
C01,graduated_dissent,9,MINOR,False,No formal risk-of-bias or certainty-of-evidence assessment for the literature supporting key claims and recommendations.
C01,graduated_dissent,10,MINOR,False,"Ambiguity in cross-linguistic applicability of person-first language recommendation, acknowledged but not resolved."
C02,graduated_dissent,1,MAJOR-REVISION,False,"Repeated-measures structure likely modeled incorrectly in abundance GLMMs. Monthly observations on the same 17 permanent transects over ~5 years are modeled with only ranch and year as random effects,"
C02,graduated_dissent,2,MAJOR-REVISION,False,Mismatch between claimed negative-binomial GLMMs and stated use of lme4::glmer. Standard glmer() does not fit negative-binomial models; glmer.nb() or another package is required.
C02,graduated_dissent,3,MAJOR-REVISION,False,"Groundcover analysis uses Wilcoxon-Mann-Whitney tests comparing 2018 vs. 2022, ignoring repeated measures on the same transects and ranch-level clustering."
C02,graduated_dissent,4,MAJOR-REVISION,False,Causal attribution of vegetation change to spittlebug feeding without experimental controls or quasi-experimental design.
C02,graduated_dissent,5,MAJOR-REVISION,False,"Likelihood-ratio test reporting is internally inconsistent: df=1 reported for tests involving a 3-level elevation factor, and it is unclear which terms are being tested."
C02,graduated_dissent,6,MINOR,False,Claim of '20 new food-plant records' is overstated given that lifecycle completion was not confirmed and misassignment is acknowledged when spittle contacted multiple plants.
C02,graduated_dissent,7,MINOR,False,Percent cover components analyzed independently despite being compositional data summing to ~100%.
C02,graduated_dissent,8,MINOR,False,Inference of '2 generations per year' from bimodal field peaks without direct developmental or cohort-tracking evidence.
C02,graduated_dissent,9,MINOR,False,Wet/dry season classification based on historical rainfall averages rather than site- and year-specific data during the study period.
C02,graduated_dissent,10,MINOR,False,Non-random transect placement (influenced by habitat suitability) limits generalizability of abundance estimates.
C02,graduated_dissent,11,MINOR,False,Arbitrary binning of continuous elevation into Low/Mid/High categories.
C03,graduated_dissent,1,MAJOR-REVISION,False,Primary PD outcome based on self-reported clinician diagnosis with only 54/103 cases undergoing record review and 11/54 (20%) not confirmed among those reviewed. 58% of cases remain unverified. All ma
C03,graduated_dissent,2,MAJOR-REVISION,False,Two-stage outcome-enriched sampling design based on constipation and pRBD—which are also key predictors—with inverse probability weighting that may be insufficient to correct for second-stage particip
C03,graduated_dissent,3,MAJOR-REVISION,False,"Sensitivity, specificity, PPV, and NPV presented as population-applicable screening metrics despite enriched sampling, without calibration, transportability assessment, or external validation."
C03,graduated_dissent,4,MAJOR-REVISION,False,"Latent class analysis for prodromal PD subtypes performed on ~98 cases with 7 binary features, comparing 2-4 class models, with no internal validation, entropy reporting, or stability assessment. Resu"
C03,graduated_dissent,5,MAJOR-REVISION,False,Hyposmia measured by self-report in 2012 but by olfactory testing in later waves. Longitudinal progression analyses (including Sankey diagrams and mixed models showing feature accumulation) mix non-eq
C03,graduated_dissent,6,MAJOR-REVISION,False,Missing data handled via last-observation-carried-forward followed by complete-case analysis. Amount and pattern of missingness not reported. This approach can distort longitudinal trajectories and la
C03,graduated_dissent,7,MAJOR-REVISION,False,Suggestion that temporal increases in non-motor feature counts and MDS score 'could serve as surrogate outcomes in prevention trials' without any surrogate validation.
C03,graduated_dissent,8,MAJOR-REVISION,False,"MDS prodromal PD probability score evaluated at published thresholds (≥0.5, ≥0.8) in a selected cohort using self-administered marker versions, without any calibration assessment or recalibration."
C03,graduated_dissent,9,MAJOR-REVISION,False,Comparison to colorectal and prostate cancer screening tests in Figure 2 is misleading (cancer screening detects prevalent disease vs. predicting future incidence) and cited references appear unrelate
C03,graduated_dissent,10,MINOR,False,"Use of age-adjusted log-binomial regression for incident PD over variable follow-up rather than time-to-event models, with Kaplan-Meier curves shown only for the confirmed-case subset."
C03,graduated_dissent,11,MINOR,False,Claim that prospective design makes analyses 'less prone to selection bias' despite explicit two-stage enrichment and substantial nonresponse/exclusions.
C04,graduated_dissent,1,MAJOR-REVISION,False,"Exercise cohort selection bias: all participants lost ≥3 kg by inclusion criteria, yet the manuscript presents ROC-based prediction of 'weight loss' within this cohort, creating a potential logical im"
C04,graduated_dissent,2,MAJOR-REVISION,False,"Predictive analyses for weight change appear circular: no clear train/test split, cross-validation, or external validation; feature selection and model evaluation likely performed on the same dataset,"
C04,graduated_dissent,3,MAJOR-REVISION,False,"Causal language and mediation analysis from observational/cross-sectional data: the manuscript claims a 'causal link mediated by creatine' between gut microbiota and BMI without randomization, tempora"
C04,graduated_dissent,4,MAJOR-REVISION,False,"Cross-cohort 'confirmation' is methodologically weak: cohorts are vastly different in age (children vs. young adults vs. adults), disease severity, intervention type, follow-up duration, and metabolom"
C04,graduated_dissent,5,MAJOR-REVISION,False,"No multiple testing correction despite testing 209 metabolites, 1398 strains, and many correlations: results reported at nominal p<0.05 without FDR or similar adjustment."
C04,graduated_dissent,6,MAJOR-REVISION,False,"PLS-DA used to claim 'great separation' of groups without validation, permutation testing, or reporting of model performance metrics, creating high overfitting risk in small-sample omics."
C04,graduated_dissent,7,MAJOR-REVISION,False,"Regression models relating metabolites to BMI in weight-loss cohorts do not account for within-subject correlation from paired baseline/follow-up data: no random effects, repeated-measures structure, "
C04,graduated_dissent,8,MAJOR-REVISION,False,Statistical testing descriptions in Table 1 are internally inconsistent: Wilcoxon rank-sum (unpaired) assigned to baseline-vs-follow-up comparisons and Wilcoxon signed-rank (paired) assigned to betwee
C04,graduated_dissent,9,MAJOR-REVISION,False,The conclusion that 'creatine was a potential treatment for obesity' is unsupported by the observational biomarker data and may contradict the finding that higher creatine associates with higher BMI/o
C04,graduated_dissent,10,MAJOR-REVISION,False,"Post hoc responder grouping in the sedentary cohort (classifying by future weight change) without adequate confounder control for baseline BMI, sex, puberty/maturation, diet adherence, or physical act"
C04,graduated_dissent,11,MAJOR-REVISION,False,Age-related maturation in the sedentary cohort (late adolescence to early adulthood transition) not adequately accounted for when interpreting body composition and metabolic changes as effects of sede
C04,graduated_dissent,12,MAJOR-REVISION,False,The claim that sedentary behavior during COVID caused the observed metabolic/microbiome changes is not supported: no objective measurement of physical activity/sedentary time and no non-sedentary cont
C04,graduated_dissent,13,MAJOR-REVISION,False,"ROC/AUC interpretation is confused: the text alternates between predicting obesity, predicting weight loss, and classifying weight reduction without clearly defining the binary outcome for each analys"
C04,graduated_dissent,14,MAJOR-REVISION,False,"Missing critical details on metabolomics quality control: no information on batch effects, normalization, drift correction, or missing data handling, especially across timepoints and cohorts."
C04,graduated_dissent,15,MAJOR-REVISION,False,"Pearson correlation used for microbiota-metabolite relationships despite compositional microbiome data, non-normality, and small sample size; no compositionality-aware method described."
C04,graduated_dissent,16,MAJOR-REVISION,False,"Strain-level taxonomic assignment claims are insufficiently documented for confidence in named strain findings, given short-read data and limited methodological detail on reference databases."
C04,graduated_dissent,17,MINOR,False,Different metabolomics platforms used across cohorts (Waters UPLC-MS/MS vs. SCIEX 6500 QTRAP with different chromatography) without harmonization discussion.
C04,graduated_dissent,18,MINOR,False,"Small sample sizes relative to omics dimensionality (n=49, 38, 20) increase instability of multivariable results."
C04,graduated_dissent,19,MINOR,False,Aggressive 80% prevalence filter for microbiome strains may remove biologically relevant low-prevalence taxa.
C04,graduated_dissent,20,MINOR,False,"Lack of clarity on dietary control and adherence in the sedentary cohort, despite diet being a major confounder for both microbiota and metabolome."
C04,graduated_dissent,21,MINOR,False,"Stepwise regression for logistic model selection is unstable in small samples, with no calibration or decision-analytic assessment."
C05,graduated_dissent,1,MAJOR-REVISION,False,"The diagnosis of 'pseudo-PEA' is insufficiently substantiated. No contemporaneous arterial line waveform, echocardiographic confirmation of mechanical cardiac activity, or EtCO2 at the exact moment of"
C05,graduated_dissent,2,MAJOR-REVISION,False,Causal attribution of the peri-induction collapse to pulmonary hypertension-driven cardiogenic shock is stronger than the evidence supports. Alternative etiologies (anesthetic-induced vasodilation/myo
C05,graduated_dissent,3,MAJOR-REVISION,False,The rationale for chest compressions — stated as 'to facilitate diluted epinephrine circulating in the presence of severe MR' — is physiologically questionable and potentially misleading to clinicians
C05,graduated_dissent,4,MAJOR-REVISION,False,"Key preoperative right heart catheterization hemodynamic values (mPAP, PCWP, RAP, cardiac output/index, PVR) are omitted despite the paper's central reliance on pulmonary hypertension and elevated fil"
C05,graduated_dissent,5,MAJOR-REVISION,False,The claimed necessity and mortality/morbidity implications of immediate iatrogenic ASD closure are overstated for a single case. The shunt was characterized only qualitatively (0.5 cm on color Doppler
C05,graduated_dissent,6,MAJOR-REVISION,False,"The manuscript blurs the distinction between cardiac arrest (PEA) and critical low-output shock states, using ACLS-adjacent terminology (pseudo-PEA, chest compressions) alongside non-arrest interventi"
C05,graduated_dissent,7,MINOR,False,Internal inconsistency in imaging modality reporting: the manuscript states 'Transesophageal echocardiography (TTE)' conflating two different imaging modalities.
C05,graduated_dissent,8,MINOR,False,"Anaphylaxis is not definitively excluded (no serum tryptase obtained), yet the manuscript presents its exclusion with more confidence than warranted."
C05,graduated_dissent,9,MINOR,False,"Postoperative claim of 'normalized RV systolic function and pressures' at 30 days is made without reporting actual echocardiographic parameters, in a patient with multiple chronic cardiopulmonary como"
C05,graduated_dissent,10,MINOR,False,The discussion section extrapolates from a single case to broad management recommendations and outcome implications without adequately framing them as hypothesis-generating observations.
C10,graduated_dissent,1,MAJOR-REVISION,False,"Internal inconsistency in primary outcome counts: the abstract/text report 125 patients (10.6%) with elevated baseline ALT and 60 (5.1%) with elevated AST, while Table 1 reports 101 (8.5%) and 47 (4.0"
C10,graduated_dissent,2,MAJOR-REVISION,False,Variant classification likely mis-specified: only 389/1183 cases were sequenced as Omicron; the remaining 794 were analyzed as 'non-Omicron strains' without clear evidence of genotyping or valid class
C10,graduated_dissent,3,MAJOR-REVISION,False,"Severe confounding in Omicron vs. non-Omicron comparison due to temporal/period effects, vaccination status, treatment protocols, demographics, and admission criteria differences between epidemic wave"
C10,graduated_dissent,4,MAJOR-REVISION,False,"Multivariate logistic regression for liver function progression is severely overfit: only 34 events with multiple predictors, yielding unstable and likely exaggerated odds ratios (e.g., OR=12.63 for n"
C10,graduated_dissent,5,MAJOR-REVISION,False,"Post-admission treatments (glucocorticoids, ulinastatin) modeled as predictors of liver function worsening without temporal ordering, creating reverse causation and confounding by indication."
C10,graduated_dissent,6,MAJOR-REVISION,False,"Inappropriate use of parametric statistics (mean±SD, likely t-tests) for highly skewed biomarkers, particularly D-dimer (0.31±0.75, SD > 2× mean), which may produce spurious significant results (P=0.0"
C10,graduated_dissent,7,MAJOR-REVISION,False,"Incomplete reporting of logistic regression: missing confidence intervals for odds ratios, unclear variable selection procedure, and model labeled as 'logistic linear regression.'"
C10,graduated_dissent,8,MAJOR-REVISION,False,"Progression outcome defined only by ALT increase (>2× baseline and above ULN) but discussed broadly as 'liver function worsening,' missing cholestatic or bilirubin-based injury patterns."
C10,graduated_dissent,9,MAJOR-REVISION,False,"Baseline liver disease and steatosis insufficiently characterized despite BMI, CT liver hypodensity, and HBsAg positivity being noted, representing important unmeasured confounding."
C10,graduated_dissent,10,MINOR,False,"Multiple unadjusted hypothesis testing across many laboratory variables and subgroup comparisons, with several borderline P-values interpreted as significant."
C10,graduated_dissent,11,MINOR,False,"Ambiguous outcome definition for 'worsening liver function' that combines 26 patients with normal baseline ALT and 8 with abnormal baseline ALT, potentially mixing distinct pathophysiological processe"
C10,graduated_dissent,12,MINOR,False,"Single-center study of imported, mostly mild cases (only 1 severe) making broad claims about COVID-19 and Omicron-related liver injury."
C10,graduated_dissent,13,MINOR,False,Claim that liver function progression prolonged hospitalization is based on observational comparison without accounting for confounding by severity or management decisions.
C10,graduated_dissent,14,MAJOR-REVISION,False,"Possible immortal-time/time-window bias and differential outcome ascertainment: patients with longer stays and more repeated labs had more opportunity to meet the ALT-based worsening definition, mecha"
C11,graduated_dissent,1,MAJOR-REVISION,False,"Inappropriate use of negative binomial regression for a zero-inflated, bounded AL count outcome (0–9 theoretical, 0–7 observed) with 43.3% zeros and 73.7% at 0–1, without model diagnostics, goodness-o"
C11,graduated_dissent,2,MAJOR-REVISION,False,"Inclusion of BMI as a component of the allostatic load score creates a partially tautological relationship with physical activity exposures, potentially inflating or distorting domain-specific PA–AL a"
C11,graduated_dissent,3,MAJOR-REVISION,False,"The headline finding (vigorous OPA positively associated with AL in young females aged 20–44) emerges from extensive subgroup analyses across sex, age, and race/ethnicity without adjustment for multip"
C11,graduated_dissent,4,MAJOR-REVISION,False,"Sensitivity analyses controlling for pre-existing cardiometabolic diseases (obesity, hypertension, dyslipidemia, diabetes, CVD) are conceptually invalid because these conditions overlap with or are do"
C11,graduated_dissent,5,MAJOR-REVISION,False,"Critical unmeasured work-related confounders (occupation type/industry, job grade, shift work, physical load characteristics, psychosocial job strain, workplace exposures) are absent despite the study"
C11,graduated_dissent,6,MAJOR-REVISION,False,"The manuscript draws causal/interventional recommendations ('reduce vigorous OPA,' 'promote vigorous LTPA,' 'needed to reduce AL') from cross-sectional NHANES data where temporality and reverse causat"
C11,graduated_dissent,7,MAJOR-REVISION,False,"Self-reported GPAQ work activity may substantially misclassify actual occupational physical exertion, and NHANES work PA questions may include household/yard work, undermining the domain-specific inte"
C11,graduated_dissent,8,MAJOR-REVISION,False,Complete-case analysis with a restricted fasting subsample and limited assessment of whether exclusions induced selection bias; missing-category sensitivity analysis is not a strong remedy.
C11,graduated_dissent,9,MAJOR-REVISION,False,The conclusion that findings 'support the PA paradox' overstates the evidence given null overall OPA associations and dependence on a single subgroup-specific positive association.
C11,graduated_dissent,10,MINOR,False,"AL score range reported as 0–7 despite nominal 0–9 range, without explanation of why values 8–9 are absent."
C11,graduated_dissent,11,MINOR,False,Dichotomization of OPA and LTPA at guideline thresholds discards information and may induce residual confounding within categories.
C11,graduated_dissent,12,MINOR,False,Mutual adjustment of OPA and LTPA (moderate and vigorous) without reporting collinearity diagnostics or clarifying interpretation of mutually adjusted coefficients.
C11,graduated_dissent,13,MINOR,False,Reported r = 0.99 correlation between AL scores computed with WBC versus hsCRP is surprisingly high and inadequately explained.
C11,graduated_dissent,14,MINOR,False,"Potential issues with survey weight specification (correct fasting subsample weights, pooling across NHANES cycles, variance estimation with strata/PSU) not verifiable from the manuscript."
C11,graduated_dissent,15,MINOR,False,"No component-level or leave-one-biomarker-out analyses to determine which AL components drive the observed associations, limiting mechanistic interpretation."
C19,graduated_dissent,1,MAJOR-REVISION,False,"The review presents the authors' own work as overturning the prior consensus that AgRP neurons are essential for baseline feeding, framing this as a settled conclusion rather than an ongoing controver"
C19,graduated_dissent,2,MAJOR-REVISION,False,The review applies asymmetric standards of methodological critique: it emphasizes potential nonspecific toxicity and off-target effects in prior DT-ablation studies while not applying comparable scrut
C19,graduated_dissent,3,MAJOR-REVISION,False,"Internal inconsistency: the review states 'AgRP-expressing cells exist only in the ARC' but elsewhere (and in figure legends) acknowledges AgRP expression in the area postrema, pituitary gland, and ad"
C19,graduated_dissent,4,MAJOR-REVISION,False,"The review conflates evidence from fundamentally different experimental paradigms (acute peptide administration, optogenetic/chemogenetic activation, chronic genetic perturbation, developmental vs. ad"
C19,graduated_dissent,5,MAJOR-REVISION,False,"Selective citation pattern: the review highlights studies supporting its narrative (e.g., Kir2.1 inhibition showing no feeding effect) while omitting or underemphasizing studies using other inhibition"
C19,graduated_dissent,6,MINOR,False,"No review methodology is described (no search strategy, inclusion/exclusion criteria, databases, or approach to weighing conflicting evidence)."
C19,graduated_dissent,7,MINOR,False,"The review uses stronger-than-warranted causal language (e.g., 'These findings confirm that AgRP neurons are key neurons' and 'AgRP neurons exert minimal influence on baseline feeding') despite explic"
C19,graduated_dissent,8,MINOR,False,"Broad translational claims (e.g., presenting AgRP-neuron genes as 'promising therapeutic targets') are insufficiently supported by the preclinical evidence discussed."
C19,graduated_dissent,9,MINOR,False,The review does not label itself as a non-systematic narrative review or discuss the inherent limitations of that format.
C24,graduated_dissent,1,MAJOR-REVISION,False,"The review treats the lipid raft framework as broadly established fact, despite longstanding controversy over raft definition, detectability, composition, size, and physiological persistence. The manu"
C24,graduated_dissent,2,MAJOR-REVISION,False,"Claims regarding dietary bioactives (MADs) as membrane-targeted chemopreventive agents are overstated relative to the evidence, which mixes in vitro work, animal studies, surrogate-endpoint clinical t"
C24,graduated_dissent,3,MINOR,False,"Specific factual/annotation errors in pathway descriptions: Fig. 1C states nutrient deprivation upregulates mTOR and AKT to trigger autophagosome formation (canonically, nutrient deprivation suppresse"
C24,graduated_dissent,4,MINOR,False,"The review conflates membrane order/rigidity, raft abundance, nanoclustering, and signaling output as uniformly aligned properties, whereas these relationships are context-dependent and can differ by "
C24,graduated_dissent,5,MINOR,False,"The review repeatedly infers causality from correlative observations in cancer cells (e.g., elevated cholesterol, increased membrane rigidity, altered clustering) without clearly distinguishing driver"
C24,graduated_dissent,6,MINOR,False,"Insufficient discussion of the non-specificity and pleiotropic effects of pharmacological membrane perturbation tools (cyclodextrins, filipin, statins, etc.) used in the cited literature to interrogat"
C24,graduated_dissent,7,MINOR,False,"Detergent-resistant membranes (DRMs) are discussed without sufficiently separating DRM behavior from native raft existence, a central methodological caveat in the field."
C24,graduated_dissent,8,MINOR,False,"The review combines evidence from synthetic membranes, GPMVs, cultured cells, animal models, and human studies without consistently distinguishing what can and cannot be inferred across those levels o"
C24,graduated_dissent,9,MINOR,False,"Clinical trial observations involving surrogate endpoints (aberrant crypt foci, polyp burden) are cited as support for claims of reduced cancer risk, without adequately distinguishing surrogate endpoi"
C24,graduated_dissent,10,MINOR,False,"Absence of systematic review methodology, search strategy, or evidence grading for a review that makes strong causal and translational conclusions."
C24,graduated_dissent,11,MINOR,False,"Loose terminology and outdated nomenclature (e.g., 'peripheral benzodiazepine receptor' vs. TSPO, conflation of fluidity/order/rigidity)."
C24,graduated_dissent,12,MINOR,False,"Some quantitative statements presented without appropriate context or qualification (e.g., '90% of cholesterol in PM', cancer cells 'typically' having higher cholesterol)."
C24,graduated_dissent,13,MINOR,False,Broad public-health and funding-policy assertions in the summary not directly tied to the evidentiary standards of the review.
C25,graduated_dissent,1,MAJOR-REVISION,False,"Cognition outcome is based on age/sex/education-normed Z-scores, yet regression models additionally adjust for age, sex, and education, creating analytical redundancy/overadjustment that distorts all "
C25,graduated_dissent,2,MAJOR-REVISION,False,"Mediation analyses are invalid for causal interpretation because depression (exposure) and proposed mediators (HbA1c, physical inactivity, cerebrovascular disease) are all measured at the same baselin"
C25,graduated_dissent,3,MAJOR-REVISION,False,"Use of outdated Baron & Kenny/Sobel test mediation framework without addressing assumptions of no unmeasured mediator-outcome confounding and no exposure-mediator interaction, combined with causal lan"
C25,graduated_dissent,4,MAJOR-REVISION,False,"Primary longitudinal outcome modeled as simple change scores (follow-up Z minus baseline Z) without clear adjustment for baseline cognition, creating vulnerability to regression to the mean and measur"
C25,graduated_dissent,5,MAJOR-REVISION,False,Reverse causality not adequately addressed: late-life depression may be prodromal to neurodegenerative disease rather than a cause of decline. Baseline cognitive impairment short of diagnosed dementia
C25,graduated_dissent,6,MAJOR-REVISION,False,"Variable coding/definition for sensory impairment appears internally inconsistent and likely reversed: visual impairment defined as '<0.3 logMAR' and hearing impairment as '<26 dB', when standard clin"
C25,graduated_dissent,7,MAJOR-REVISION,False,"Substantial selection bias: analytic sample reduced to 14,014 from the comprehensive cohort by requiring objective measures and complete neuropsychological testing, with no comparison of included vs e"
C25,graduated_dissent,8,MAJOR-REVISION,False,"Significance-driven/blockwise variable selection strategy rather than pre-specified causal model, increasing risk of omitted-confounder bias, collider adjustment, and unstable inferences about which f"
C25,graduated_dissent,9,MAJOR-REVISION,False,"Inconsistent handling of hypertension and diabetes constructs: hypertension represented by measured BP while diabetes represented by HbA1c, with diagnosis variables still emphasized descriptively. Con"
C25,graduated_dissent,10,MINOR,False,"No account taken of CLSA complex survey design, including sampling weights, site clustering, and stratification."
C25,graduated_dissent,11,MAJOR-REVISION,False,"Attrition/informative dropout not addressed analytically: no inverse-probability weighting, multiple imputation, or attrition analysis reported despite longitudinal design in an aging cohort."
C25,graduated_dissent,12,MINOR,False,"Interpretation of coefficient attenuation in nested regression models as evidence of mediation, when attenuation can arise from confounding control, scaling artifacts, measurement error, or collineari"
C25,graduated_dissent,13,MINOR,False,"Multiple testing across many bivariate analyses, multivariable models, and mediation tests without consistent correction beyond a Bonferroni note in Table 2."
C25,graduated_dissent,14,MINOR,False,"Dichotomization of continuous variables (depression, physical activity) loses information and can bias mediation estimates."
C25,graduated_dissent,15,MINOR,False,"Residual confounding from unmeasured variables including antidepressant use/severity, ApoE genotype, diet, loneliness, sleep disorder diagnosis, and baseline psychiatric comorbidity."
C25,graduated_dissent,16,MINOR,False,Clinical recommendations that modifiable factors should be targeted because they 'partially explain' the depression-cognition link are stronger than the observational evidence supports.
HN02,graduated_dissent,1,MAJOR-REVISION,False,"General-population seroprevalence is inferred from convenience samples of residual clinical sera from healthcare-engaged individuals, with no correction for selection on healthcare use, comorbidity, c"
HN02,graduated_dissent,2,MAJOR-REVISION,False,"Data from two laboratories with different specimen streams, collection protocols, and catchment populations are pooled into single site estimates, despite a statistically significant and substantively"
HN02,graduated_dissent,3,MAJOR-REVISION,False,"Geographic origin was unknown for Lab B specimens in New York and Washington; the authors assumed a geographic distribution similar to Lab A, an assumption unsupported by evidence and contradicted by "
HN02,graduated_dissent,4,MAJOR-REVISION,False,"Lab B specimens in Washington and New York were not deduplicated, allowing potential inclusion of repeated samples from the same individuals."
HN02,graduated_dissent,5,MAJOR-REVISION,False,"Infection-to-reported-case ratios are calculated by dividing serology-inferred cumulative infections by reported cases on the last day of specimen collection, without adequate adjustment for the tempo"
HN02,graduated_dissent,6,MAJOR-REVISION,False,"Test performance adjustment is potentially unstable in low-prevalence settings where true prevalence (~1%) approaches the assay false-positive rate (specificity 99.3%, 95% CI 98.3%-99.9%)."
HN02,graduated_dissent,7,MAJOR-REVISION,False,"Sensitivity and specificity validation parameters are applied uniformly despite expected variation in antibody kinetics by infection severity, timing since infection, and population characteristics."
HN02,graduated_dissent,8,MAJOR-REVISION,False,The paper's framing as estimating 'seroprevalence in the population' is not justified by the convenience sampling design and should be reframed as estimates for a healthcare-engaged clinical subpopula
HN02,graduated_dissent,9,MAJOR-REVISION,False,Age/sex standardization to county- or state-level populations only partially addresses representativeness when laboratory catchments are urban-skewed and infection was spatially clustered during the e
HN02,graduated_dissent,10,MINOR,False,"Confidence intervals likely reflect only sampling variability and test-performance uncertainty, not the dominant sources of uncertainty from selection bias, lab heterogeneity, geographic assumptions, "
HN02,graduated_dissent,11,MINOR,False,Exclusion or underrepresentation of children in some sites (especially Utah) affects comparability and may cause misinterpretation if estimates are read as all-ages population values.
HN02,graduated_dissent,12,MINOR,False,Use of hypothesis testing (P values) for lab differences in a nonprobability sampling context where the dominant uncertainty is design bias rather than random sampling variability.
HN02,graduated_dissent,13,MAJOR-REVISION,False,"Compounding of individually major flaws—lab heterogeneity, missing geography, lack of deduplication, and convenience sampling—creates a compounded identification problem specifically for the NY and WA"
HN03,graduated_dissent,1,MAJOR-REVISION,False,"Longitudinal cognitive decline was estimated using per-subject linear regression slopes from sparse data (median ~11.5 months follow-up, unclear number of MMSE observations), then dichotomized at arbi"
HN03,graduated_dissent,2,MAJOR-REVISION,False,"The primary baseline association between plasma EPA/DHA and MMSE loses statistical significance in the multivariable model (adjusting only for age and sex), yet the discussion and conclusions present "
HN03,graduated_dissent,3,MAJOR-REVISION,False,"Extensive multiple testing across numerous fatty acid fractions, two biological compartments, and multiple outcomes (baseline group comparison, continuous MMSE, any decline, rapid decline) without any"
HN03,graduated_dissent,4,MAJOR-REVISION,False,"Half the cohort (70/140) lacks erythrocyte membrane fatty acid measurements, with no characterization of the missingness mechanism or comparison of the measured subsample to the full cohort, yet the m"
HN03,graduated_dissent,5,MAJOR-REVISION,False,Inadequate confounder adjustment throughout: baseline multivariable model adjusts only for age and sex; longitudinal analyses appear to have no confounder adjustment at all. Key confounders including 
HN03,graduated_dissent,6,MAJOR-REVISION,False,"Internal inconsistencies in sample accounting for decline analyses: text states 62 patients (44.3%) had cognitive decline, but Table 4 compares only 27 decliners vs. 43 non-decliners, implying undiscl"
HN03,graduated_dissent,7,MAJOR-REVISION,False,"No sample size calculation or power analysis provided. With n=140 overall, n=70 for erythrocyte analyses, and even smaller subgroups for decline comparisons, the study is likely underpowered for stabl"
HN03,graduated_dissent,8,MINOR,False,Heterogeneous study population (memory-clinic cohort with 45% unclassified disorders) with broad biomarker conclusions about neurocognitive disorder severity and prognosis that do not adequately addre
HN03,graduated_dissent,9,MINOR,False,"Arbitrary definition of cognitive decline (≥2 MMSE points/year; ≥4 for rapid decline) without clinical validation, combined with known poor sensitivity of MMSE to change over short intervals."
HN03,graduated_dissent,10,MINOR,False,"Important covariates absent from analysis: education, dietary intake, ApoE/FADS genotype, inflammatory markers, and detailed vascular risk factor data. No effect sizes or confidence intervals reported"
HN03,graduated_dissent,11,MINOR,False,"Incomplete reporting of statistical methods: opaque variable selection process for multivariable model, missing logistic regression results mentioned in methods but not shown in results."
HN03,graduated_dissent,12,MINOR,False,Use of linear regression for bounded MMSE scores without model diagnostics; potential ceiling/floor effects not addressed.
HN04,graduated_dissent,1,MAJOR-REVISION,False,"Meta-analysis pooled synkinesis outcomes from studies measured at 3 months and 6 months, justified by an unsupported assumption that 'no further change was likely between three and six months' in Bell"
HN04,graduated_dissent,2,MAJOR-REVISION,False,"Primary outcome was defined as incomplete recovery at 6 months, but the review systematically incorporated studies with much shorter follow-ups (14-30 days) without adequate separation from the primar"
HN04,graduated_dissent,3,MAJOR-REVISION,False,"Internal reporting inconsistencies: multiple outcomes in data tables shown as '0.0 [0.0, 0.0]' or 'Totals not selected' while the text reports nonzero effect estimates and confidence intervals; partic"
HN04,graduated_dissent,4,MAJOR-REVISION,False,"Some intervention comparisons are clinically confounded by co-interventions (e.g., exercise plus 'conventional therapy' vs. similar background therapy), limiting attribution of effects to the named ph"
HN04,graduated_dissent,5,MAJOR-REVISION,False,"Comparison 1 reports 1 study with 172 participants, which appears to count the same 86-participant study at two time points, potentially misleading about sample size and evidentiary weight."
HN04,graduated_dissent,6,MINOR,False,"Inclusion of quasi-randomized studies (alternation, coin flip/paired allocation) together with randomized trials without sensitivity analyses separating them."
HN04,graduated_dissent,7,MINOR,False,Universal 'low risk' rating for selective reporting bias despite many old/poorly reported trials lacking protocols or trial registrations.
HN04,graduated_dissent,8,MINOR,False,"Narrative conclusions (e.g., 'tailored facial exercises can help improve facial function') overstate the strength of low-quality, heterogeneous evidence."
HN04,graduated_dissent,9,MINOR,False,Classification of some studies as 'moderate quality' despite serious risks of bias and small sample sizes may be optimistic.
HN04,graduated_dissent,10,MINOR,False,"Methods specify random-effects models only when heterogeneity test is significant at P < 0.1, an outdated approach."
HN04,graduated_dissent,11,MINOR,False,"Analysis and discussion of non-prespecified outcomes (e.g., time to recovery) without clear labeling as exploratory."
HN04,graduated_dissent,12,MINOR,False,"No publication-bias assessment performed, though justified by insufficient number of studies."
HN05,graduated_dissent,1,MAJOR-REVISION,False,"The headline conclusion that telehealthcare significantly reduces hospitalizations is fragile and driven by a single partially translated, high-risk, atypical study (Kokubu 2000, weight ~56%). Sensiti"
HN05,graduated_dissent,2,MAJOR-REVISION,False,"Risk of bias from incomplete translations of key studies (Kokubu 1999, Kokubu 2000). Only partial translations from Japanese were available, and risk of bias was acknowledged as 'very hard to assess.'"
HN05,graduated_dissent,3,MAJOR-REVISION,False,"Quality-of-life meta-analysis pools different Juniper instruments (Mini-AQLQ, full AQLQ, pediatric PAQLQ, caregiver PACQLQ) using raw mean difference rather than standardized mean difference or strati"
HN05,graduated_dissent,4,MAJOR-REVISION,False,"Substantial clinical heterogeneity across intervention types, settings, populations, severity levels, control conditions, and follow-up periods is insufficiently addressed. Interventions span telephon"
HN05,graduated_dissent,5,MAJOR-REVISION,False,"Subgroup interpretations suggesting benefit in severe asthma/secondary care populations are exploratory, based on very small numbers of studies and events, but are presented as if they were establishe"
HN05,graduated_dissent,6,MAJOR-REVISION,False,"Risk-of-bias assessment is not well integrated into conclusions. Many included studies have high or unclear risk of bias for blinding, attrition, and reporting, yet the discussion describes the eviden"
HN05,graduated_dissent,7,MINOR,False,"Handling of sparse binary outcomes (hospitalizations, emergency visits) lacks detail on continuity corrections, and robustness of Mantel-Haenszel odds ratios under rare-event conditions is not assesse"
HN05,graduated_dissent,8,MINOR,False,The three-arm trial (Rasmussen 2005) is included without clear documentation of how shared comparator groups were handled to avoid double-counting control participants.
HN05,graduated_dissent,9,MINOR,False,Inclusion of a study with 'inappropriate randomization' (Rasmussen 2005) without explicit sensitivity analysis showing its impact on primary outcomes.
HN05,graduated_dissent,10,MINOR,False,"Funnel plots used to assess publication bias with very small numbers of studies (4–5, sometimes 2), where such plots are uninformative and unreliable."
HN05,graduated_dissent,11,MINOR,False,"Enhanced-care control groups (frequent phone contacts, education, action plans) are not consistently factored into interpretation of pooled effectiveness estimates."
HN05,graduated_dissent,12,MINOR,False,"Selective reporting bias judgments are sometimes rated as low risk based on published reports alone, without having sought study protocols."
HN06,graduated_dissent,1,MAJOR-REVISION,False,"Overstatement of intervention 'effects' and 'impact' without a control group. The manuscript repeatedly uses causal language ('positive effect on parenting skills and attitudes,' 'positive program imp"
HN06,graduated_dissent,2,MAJOR-REVISION,False,"Internal inconsistencies in sample accounting across the manuscript. Table 2 group sizes (eligible n=20, enrolled-not-graduated n=11, graduated n=12 = 43) do not cleanly reconcile with the CONSORT flo"
HN06,graduated_dissent,3,MAJOR-REVISION,False,"Inappropriate or inadequately specified statistical testing in Table 2. Chi-square tests are stated but continuous variables (age, number of children) are also compared with pairwise significance supe"
HN06,graduated_dissent,4,MAJOR-REVISION,False,"Probable typographical or data-reporting errors in Table 2, including an age SD reported as '845' for the enrolled-but-did-not-graduate group, suspicious race percentage totals, and race/ethnicity cod"
HN06,graduated_dissent,5,MAJOR-REVISION,False,Failure to analyze or report data by cohort despite a mid-study protocol change. Co-parents were included in the first two groups but not the third (fathers-only). Aggregate reporting across all three
HN06,graduated_dissent,6,MAJOR-REVISION,False,"Survivorship/attrition bias in acceptability and perceived impact findings. With substantial dropout (23 enrolled, 12 graduated), acceptability was assessed only among completers. Those who discontinu"
HN06,graduated_dissent,7,MAJOR-REVISION,False,"Ambiguity between post-only perceived change items and true longitudinal pre-post outcomes. The manuscript collected pre-, post-, and follow-up measures but does not clearly distinguish which 'impact'"
HN06,graduated_dissent,8,MINOR,False,"Coach acceptability metric is uninterpretable. The mean rating of 8.43 (SD .37) is reported without specifying number of raters, number of sessions rated, independence of ratings, or aggregation metho"
HN06,graduated_dissent,9,MINOR,False,"Inadequate mitigation of self-report bias despite the manuscript's claim that separating intervention delivery from data collection addresses this concern. Participants were not blinded, and data coll"
HN06,graduated_dissent,10,MINOR,False,Missing clinicaltrials.gov registration number despite claim of pre-registration.
HN06,graduated_dissent,11,MINOR,False,"Dichotomization of outcomes using researcher-chosen thresholds (e.g., rating 4 or 5 as 'positive impact') without justification or sensitivity analysis. With tiny samples, such dichotomization can be "
HN06,graduated_dissent,12,MINOR,False,Retention/completion rate denominator choice could be more transparent. The manuscript reports 12/23 (52.2%) graduation rate using all enrolled as denominator; 12/16 (75%) using those who attended ≥1 
HN07,graduated_dissent,1,MAJOR-REVISION,False,"The paper claims 'we did not conduct statistical tests' per CONSORT pilot guidance, yet presents and interprets 95% confidence intervals and correlation coefficients throughout as evidence of treatmen"
HN07,graduated_dissent,2,MAJOR-REVISION,False,"Subgroup/stratified analyses by BMI, marital status, and age are presented and interpreted with inferential language despite extremely small subgroup sizes, no prespecification, and no multiplicity co"
HN07,graduated_dissent,3,MAJOR-REVISION,False,"Correlation analyses between baseline barrier/confidence scores and change in behavior are interpreted mechanistically or causally without adjusting for baseline outcome levels, regression to the mean"
HN07,graduated_dissent,4,MAJOR-REVISION,False,"Numerical/reporting inconsistencies in tables: impossible or implausible percentages (e.g., '5 (0%)' in N=76, '3 (1%)' in N=76), inconsistent sample sizes across analyses not fully explained, and a ma"
HN07,graduated_dissent,5,MAJOR-REVISION,False,"High multiplicity of outcomes, subdomains, timepoints, and stratified analyses without a clear hierarchy, prespecification, or acknowledgment of the risk of selective interpretation and false positive"
HN07,graduated_dissent,6,MAJOR-REVISION,False,"The discussion overinterprets exploratory findings, particularly the suggestion that short-term intervention resources may worsen long-term perceptions/confidence, based on sparse 52-week subgroup/dom"
HN07,graduated_dissent,7,MINOR,False,"Substantial attrition at 52-week follow-up (68% intervention, 62% control in P8) with complete-case analysis only and no assessment of attrition bias or missing-data sensitivity."
HN07,graduated_dissent,8,MINOR,False,"Cross-study comparison between Smart Pace and Prostate 8, which differ in disease type, eligibility, intervention components, and measurement targets, with speculative explanations for between-study d"
HN07,graduated_dissent,9,MINOR,False,"Inconsistent mixing of means and medians in reporting (e.g., 'Mean steps per day ... was 9,758 [IQR ...]'), obscuring which summary statistic was actually used."
HN07,graduated_dissent,10,MINOR,False,"No prespecified minimal clinically important difference (MCID) for the 1–5 barrier/confidence scales, making it unclear whether observed small changes are meaningful."
HN07,graduated_dissent,11,MINOR,False,"Arbitrary dichotomization of barrier/confidence items for baseline prevalence while later analyses use continuous 1–5 averaged scores, with no justification for the relationship between these two anal"
HN08,graduated_dissent,1,MINOR,False,"The facemask example uses an assumed 40% relative risk reduction and illustrative baseline risks, which could be misinterpreted by readers as an evidence-based estimate rather than a hypothetical teac"
HN08,graduated_dissent,2,MINOR,False,"The statement that studies can 'never show that there is no difference' is rhetorically imprecise, as equivalence/non-inferiority designs and Bayesian approaches can provide evidence regarding null ef"
HN08,graduated_dissent,3,MINOR,False,"The section on responder analyses versus mean differences presents dichotomization of continuous outcomes somewhat one-sidedly without acknowledging the well-known trade-offs (information loss, thresh"
HN08,graduated_dissent,4,MINOR,False,The article relies on selected examples and citations without systematically demonstrating their representativeness of the broader literature.
HN09,graduated_dissent,1,MAJOR-REVISION,False,"The manuscript repeatedly uses causal language ('lead to,' 'contribute to,' 'cause') for associations derived primarily from observational studies, without consistent caveats about the limits of causa"
HN09,graduated_dissent,2,MAJOR-REVISION,False,"The claim that 'anyone experiencing nocturia at least 3 times nightly should be referred for polysomnography, as this is suggestive of OSA' is a strong, specific clinical recommendation without appare"
HN09,graduated_dissent,3,MINOR,False,"Internal methodological contradiction in the mortality section: after discussing prospective and actigraphy-based cohort studies, the text states that 'these associations are derived mainly from cross"
HN09,graduated_dissent,4,MINOR,False,"The article is a narrative review but provides no description of review methodology (search strategy, databases, date limits, study selection criteria, quality assessment, or synthesis approach)."
HN09,graduated_dissent,5,MINOR,False,"The review makes strong clinical recommendations (first-line treatment approaches, specific pharmacologic suggestions) without formal grading of evidence strength or a benefit-harm framework."
HN09,graduated_dissent,6,MINOR,False,"The manuscript conflates distinct constructs (short/long sleep duration, insomnia, poor sleep quality, circadian disruption, OSA, napping) under 'sleep deficiency' without clear operational definition"
HN09,graduated_dissent,7,MINOR,False,Potential confounding and reverse causation (especially for long sleep duration as a marker of frailty/comorbidity) are acknowledged only inconsistently across the chapter.
HN09,graduated_dissent,8,MINOR,False,"Prevalence and effect-size claims are presented as broadly representative despite dependence on specific populations, diagnostic thresholds, or measurement methods."
HN09,graduated_dissent,9,MINOR,False,"The review does not consistently separate evidence from community-dwelling, institutionalized, and disease-specific older adult populations when drawing conclusions."
HN09,graduated_dissent,10,MINOR,False,"Interventional evidence is discussed without sufficient distinction between subjective and objective sleep outcomes, and without systematic attention to sample size, trial duration, and generalizabili"
HN09,graduated_dissent,11,MINOR,False,The section on napping presents conflicting evidence without a clear integrative framework for reconciling harm vs. benefit findings.
HN09,graduated_dissent,12,MINOR,False,"The mechanistic claim about music therapy improving sleep via cortisol modulation is presented as established fact rather than hypothesis, without direct supporting citation."
HN09,graduated_dissent,13,MINOR,False,Likely factual/reporting inaccuracies such as '7–8 hours per weeknight' (likely should be 'per night') undermine confidence in careful reporting.
HN10,graduated_dissent,1,MAJOR-REVISION,False,"Incoherent statistical methods: 'Two way-ANOVA employing Kruskal-Wallis method' is not a valid analytical framework, making all reported p-values and significance claims uninterpretable."
HN10,graduated_dissent,2,MAJOR-REVISION,False,"No adjustment for critical confounders (BMI, total energy intake, physical activity, socioeconomic status) in the primary diet-PCOS severity analyses."
HN10,graduated_dissent,3,MAJOR-REVISION,False,"Cross-sectional design interpreted with causal language ('impact', 'role of diet in governing', 'junk foods might have an amplified effect')."
HN10,graduated_dissent,4,MAJOR-REVISION,False,Biologically impossible HDL value of 478.2 mg/dl for Phenotype D in Table 3.
HN10,graduated_dissent,5,MAJOR-REVISION,False,"Non-validated, self-structured dietary questionnaire with crude frequency categories ('voracious/moderate/rare') as the central exposure variable, with no portion sizes, nutrient composition, or total"
HN10,graduated_dissent,6,MAJOR-REVISION,False,"Extensive multiple testing across phenotypes, diet strata, and biochemical outcomes without clearly described correction procedures."
HN10,graduated_dissent,7,MINOR,False,Inconsistent sample accounting: 418 interviewed vs. 404 PCOS + 126 controls = 530 enrolled; percentages and phenotype counts show minor discrepancies.
HN10,graduated_dissent,8,MAJOR-REVISION,False,"No group sample sizes provided for diet-frequency strata within each phenotype, making it impossible to assess balance, precision, or stability of subgroup comparisons."
HN10,graduated_dissent,9,MAJOR-REVISION,False,"Controls are only 'age matched' with no demonstration of comparability on BMI, residence, socioeconomic status, or lifestyle factors relevant to diet and metabolism."
HN10,graduated_dissent,10,MAJOR-REVISION,False,"Ambiguous operational definitions (menstrual interval categories, Rotterdam criteria application) creating uncertainty about participant classification."
HN10,graduated_dissent,11,MAJOR-REVISION,False,"Conclusion emphasizes insulin resistance effects of junk food, but insulin-related analyses in diet-stratified sections are not clearly presented with appropriate adjusted models."
HN10,graduated_dissent,12,MINOR,False,"'Junk food' exposure collapses heterogeneous food types (sugar-sweetened beverages, fried foods, processed meats, sweets, packaged snacks) into a single construct without scoring rationale."
HN10,graduated_dissent,13,MAJOR-REVISION,False,"No reporting of assumption checks for parametric analyses, despite using means/SD for often-skewed hormonal and metabolic variables."
HN10,graduated_dissent,14,MINOR,False,Phenotype comparisons are partly tautological: phenotypes defined by hyperandrogenism are compared on androgen-related measures.
HN10,graduated_dissent,15,MINOR,False,No effect sizes or confidence intervals reported; reliance almost entirely on p-values.
HN10,graduated_dissent,16,MAJOR-REVISION,False,"No description of missing data handling across many laboratory, ultrasound, and questionnaire variables."
HN10,graduated_dissent,17,MAJOR-REVISION,False,Ordinal exposure (rare/moderate/voracious) analyzed as nominal categories without test for trend or dose-response modeling.
R01,graduated_dissent,1,RETRACTION-WORTHY,False,"The manuscript claims to estimate WHO-defined PCC incidence, but the operational definition does not match the WHO definition. The WHO definition requires symptoms present at 3 months post-infection, "
R01,graduated_dissent,2,MAJOR-REVISION,True,"The survival/Cox regression analysis reports extreme hazard ratios (e.g., HR=0.00 with CIs of 0.00–0.02) that are statistically implausible and strongly suggest complete separation, sparse-data bias, "
R01,graduated_dissent,3,MAJOR-REVISION,False,"The single identified PCC case reportedly had symptoms resolve during the last 2 weeks of 14 weeks' post-infection follow-up, which appears inconsistent with the WHO requirement that symptoms be prese"
R01,graduated_dissent,4,MAJOR-REVISION,False,"The manuscript appears to conflate distinct outcomes — 'WHO-defined PCC,' 'post-COVID symptoms,' and 'time to symptom resolution after COVID-19' — across its incidence and survival analysis sections w"
R01,graduated_dissent,5,MAJOR-REVISION,True,"The denominator for the primary incidence estimate (1/271 = 0.4%) is inadequately explained. The exclusions from the full cohort are not transparently described, and it is unclear whether all 271 chil"
R01,graduated_dissent,6,MAJOR-REVISION,False,"The event definition for the Cox analysis — resolution defined as 4 weeks without symptoms with nonconsecutive weeks allowed, assessed at 2-week intervals — is unusual for standard survival methods an"
R01,graduated_dissent,7,MAJOR-REVISION,False,"The exposure variable 'symptoms reported every 2 weeks prior to infection' is ambiguously defined, with unclear handling of varying pre-infection observation windows, creating risk of immortal-time or"
R01,graduated_dissent,8,MAJOR-REVISION,False,"Restriction to PCR-confirmed infections in a cohort study that includes serological data may miss many SARS-CoV-2 infections, particularly asymptomatic ones, introducing selection bias into both incid"
R01,graduated_dissent,9,MAJOR-REVISION,False,"Symptom-specific Cox models lack reporting of event counts, proportional hazards assessments, handling of tied/discrete times, and multiplicity adjustment despite testing multiple symptoms."
R01,graduated_dissent,10,MAJOR-REVISION,False,"Multivariable models inadequately control for confounding, with no mention of adjustment for age, sex, calendar period/variant, vaccination status, socioeconomic factors, or acute illness severity."
R01,graduated_dissent,11,MAJOR-REVISION,False,"Insufficient cohort flow reporting from 1026 enrolled to 271 analyzed, with no flow diagram or transparent accounting of exclusions, losses, and censoring."
R01,graduated_dissent,12,MINOR,False,"The claim that 'most children experienced a resolution of symptoms within 2 weeks of infection' may overstate what the data show, given the 2-week reporting interval and lack of explicit symptom durat"
R01,graduated_dissent,13,MINOR,False,Reliance on parent-proxy reporting for all symptoms without child self-report for older children (ages 8-13).
R02,graduated_dissent,1,MAJOR-REVISION,False,The central 19% 'committed income reduction' by 2049 is derived by extrapolating reduced-form panel coefficients — identified from historical within-region annual weather variation with 8-10 year lag 
R02,graduated_dissent,2,MAJOR-REVISION,True,Substantial out-of-sample extrapolation: coefficients estimated from historical interannual climate variability (~0.1-0.2°C annual first-differences) are applied to projected multi-decade climate chan
R02,graduated_dissent,3,MAJOR-REVISION,False,The model identifies effects from annual weather anomalies (first-differenced climate variables) but projects damages using smooth forced climate trends from climate models. The assumption that econom
R02,graduated_dissent,4,MAJOR-REVISION,False,"The uncertainty analysis omits major sources of structural uncertainty — alternative dynamic specifications beyond the chosen lag family, different fixed-effect/trend structures, alternative aggregati"
R02,graduated_dissent,5,MAJOR-REVISION,False,The 'lower bound on persistence' framing is methodologically problematic: it is induced by choosing a first-differenced specification and then truncating lags via significance/information criteria. To
R02,graduated_dissent,6,MAJOR-REVISION,False,The comparison between projected damages (19% cumulative income loss) and mitigation costs ('sixfold') is not methodologically commensurate. Damages are reduced-form climate impacts relative to a no-c
R02,graduated_dissent,7,MAJOR-REVISION,False,Lag selection based on statistical significance and information criteria after evaluating many distributed lag models risks post-selection inference problems. Reported confidence intervals and Monte C
R02,graduated_dissent,8,MAJOR-REVISION,False,"Potential residual confounding despite region fixed effects, year fixed effects, and region-specific linear trends. Slow-moving omitted variables correlated with climate changes (nonlinear development"
R02,graduated_dissent,9,MINOR,False,"Global damage estimates are constructed from local direct effects without full treatment of cross-region spillovers, trade propagation, equilibrium reallocation, and price effects, yet the paper makes"
R02,graduated_dissent,10,MINOR,False,"Use of national GDP per capita baseline projections for all subnational regions within a country imposes within-country homogeneity in future baseline income paths, potentially distorting spatial hete"
R02,graduated_dissent,11,MINOR,False,"The baseline 'no further climate change' counterfactual embeds assumptions about natural variability and the recent climate state, making 'committed damages' a scenario-relative concept rather than a "
R02,graduated_dissent,12,MINOR,False,"Empirical models explain less than 5% of within-region variation (low R²), yet are used for large cumulative projections."
R02,graduated_dissent,13,MINOR,False,The 'statistically indistinguishable until 2049' framing for scenario divergence depends on the chosen dependence structure in the paired Monte Carlo simulation draws.
R02,graduated_dissent,14,MINOR,False,Capping moderating variables at the historical 95th percentile while allowing primary climate variables to move outside historical support only partially addresses extrapolation and may create interna
R03,graduated_dissent,1,MAJOR-REVISION,True,Selection bias in the replication pipeline: effects were advanced to replication only after exploratory screening and survival of large-N preregistered self-confirmatory tests. The headline replicatio
R03,graduated_dissent,2,MAJOR-REVISION,False,"Selection pipeline denominator is unreported: the number of candidate ideas explored, piloted, and abandoned before nomination is not disclosed, creating unquantified survivorship bias in the headline"
R03,graduated_dissent,3,MAJOR-REVISION,False,"Lack of a counterfactual or control condition: without comparing replication success of effects that did vs. did not pass through the rigorous self-confirmation pipeline, the causal claim that rigorou"
R03,graduated_dissent,4,MAJOR-REVISION,True,"Preregistration began only after exploratory piloting and effect selection, yet the paper claims findings are 'free from P-hacking and questionable research practices.' Preregistration protects the co"
R03,graduated_dissent,5,MAJOR-REVISION,False,"Independence of replications is compromised: methodological clarifications were provided in 71% of studies ('not always trivial'), and all four labs were collaborators in the same meta-project, creati"
R03,graduated_dissent,6,MAJOR-REVISION,False,"Power calculations for replications are based on effect sizes from self-confirmatory tests, which are themselves subject to winner's curse from earlier piloting. The comparison between observed replic"
R03,graduated_dissent,7,MAJOR-REVISION,False,"Overinterpretation of null results on effect-size decline: with only 16 discovery clusters, the study has limited power to detect modest decline or lab-by-time interactions, yet absence of significant"
R03,graduated_dissent,8,MINOR,False,"Replications were not fully standardized: labs could add their own preregistered attention-check exclusions, meaning replications were not exact tests of a common prespecified analysis pipeline."
R03,graduated_dissent,9,MINOR,False,"Study sample restricted to online, two-condition, single-DV, short-session U.S.-adult studies, yet conclusions are sometimes generalized to 'social-behavioural sciences' broadly."
R03,graduated_dissent,10,MINOR,False,"Predictability studies used to argue effects aren't 'obviously true' do not validly test whether the selected effects are of a more robust type, even if not more predictable."
R03,graduated_dissent,11,MINOR,False,"Suspicious or unclear statistical reporting (e.g., 'robust approximate Hotelling's T2(6.01), 0.60; P = 0.64') makes independent verification difficult."
R03,graduated_dissent,12,MINOR,False,Claim that 'the replication rate could not be any higher' given power is logically incorrect—observed rates can exceed average expected power by chance.
R03,graduated_dissent,13,MINOR,False,Potential participant overlap across online panels could induce dependence or contamination across studies/replications.
R04,graduated_dissent,1,RETRACTION-WORTHY,False,"The statistical method (independent t-test) is fundamentally incompatible with the study design (4-group, repeated-measures RCT at 4 timepoints). Independent t-tests cannot model within-subject correl"
R04,graduated_dissent,2,MAJOR-REVISION,False,"Numerical inconsistency in baseline fasting blood sugar for the placebo group: Table 1 reports 113.6±12.5 mg/dL while Table 3 reports 118.6±12.5 mg/dL for the same group at baseline, with identical SD"
R04,graduated_dissent,3,MAJOR-REVISION,False,"Anthropometric baseline SDs are implausibly large for the BMI-restricted sample (height SD ~20-22 cm, weight SD ~27-29 kg in a sample restricted to BMI 27-34)."
R04,graduated_dissent,4,MAJOR-REVISION,False,"The manuscript claims diet and physical activity 'did not differ among groups throughout the whole study' without presenting any data, statistical tests, or quantified methods to support this assertio"
R04,graduated_dissent,5,MAJOR-REVISION,False,"No participant flow is reported: no CONSORT-style diagram, no accounting of exclusions, withdrawals, attrition, or specification of analysis population (ITT vs per-protocol)."
R04,graduated_dissent,6,MAJOR-REVISION,False,"Significance notation in Table 3 is corrupted/unclear (e.g., '115.4±12.6*#*†'), and the comparison coding legend is incomplete, preventing readers from determining which specific group comparisons are"
R04,graduated_dissent,7,MINOR,False,"Efficacy claims are based heavily on within-group comparisons to baseline rather than between-group treatment-versus-placebo contrasts, and no appropriate dose-response model is presented despite cent"
R04,graduated_dissent,8,MINOR,False,"No adjustment for multiple testing despite numerous outcomes (weight, BMI, waist, hip, BFR, FBS, TG, TC), four timepoints, and multiple pairwise group comparisons."
R04,graduated_dissent,9,MINOR,False,"The placebo contained lactic acid to mimic vinegar taste, which may not be physiologically inert and could have metabolic effects."
R04,graduated_dissent,10,MINOR,False,The age range (12-25 years) combines early adolescents and adults without stratification or covariate adjustment for developmental stage.
R04,graduated_dissent,11,MINOR,False,No sample size calculation or power analysis is reported.
R04,graduated_dissent,12,MINOR,False,Convenience sampling limits generalizability.
R04,graduated_dissent,13,MINOR,False,"Inadequate safety assessment: 'no adverse effects' claimed without systematic adverse-event collection, dental/GI monitoring, or lab safety markers."
R04,graduated_dissent,14,MINOR,False,No confidence intervals or effect sizes reported; only p-values presented. No normality assessment for potentially skewed outcomes like triglycerides.
R05,graduated_dissent,1,MAJOR-REVISION,False,"Primary and secondary outcome analyses do not properly account for the cluster-randomized design in the main inferential models. Standard fixed-effects logistic regression, t-tests, and chi-square tes"
R05,graduated_dissent,2,MAJOR-REVISION,False,"The manuscript makes first-line/non-inferiority-style clinical recommendations from a non-significant superiority trial result, stating IO 'may not be a deferred choice' and 'could be considered a fir"
R05,graduated_dissent,3,MAJOR-REVISION,False,"The trial is underpowered for realistic effect sizes, yet conclusions are phrased as demonstrating no difference. The sample size assumed a 5% absolute survival increase (10% to 15%), and the CI (0.76"
R05,graduated_dissent,4,MAJOR-REVISION,True,"The achieved group sizes (741 IO vs 991 IV, ~1:1.3) deviate substantially from the planned 1:2 randomization ratio, with only a speculative post-hoc explanation (COVID-19 dispatch disruptions). This r"
R05,graduated_dissent,5,MAJOR-REVISION,False,"The intervention comparison is a bundled care strategy (one IO attempt vs. up to two IV attempts, no crossover, immediate transport after failure) rather than a pure route-versus-route comparison. Thi"
R05,graduated_dissent,6,MAJOR-REVISION,False,"The stated ITT analysis excluded 39 participants (~2.2%) with missing outcomes rather than including all randomized participants with a prespecified missing-data strategy (e.g., imputation)."
R05,graduated_dissent,7,MAJOR-REVISION,False,"Sample size and design-effect calculations for the cluster trial are insufficiently reported (missing average cluster size, number of clusters per arm, coefficient of variation, exact formula)."
R05,graduated_dissent,8,MINOR,False,"Interim analyses are mentioned (Pocock boundaries, two planned interim looks) but without stopping thresholds, timing, or confirmation that final inference was adjusted for multiple looks."
R05,graduated_dissent,9,MAJOR-REVISION,False,"The per-protocol analysis conditions on post-randomization successful access, which differs dramatically between arms (93.7% IO vs 58.1% IV), creating severe selection bias in the PP comparison."
R05,graduated_dissent,10,MINOR,False,"Large post-randomization differences in medication delivery (90.3% IO vs 52.0% IV received adrenaline) complicate mechanistic interpretation, but the manuscript sometimes discusses route effectiveness"
R05,graduated_dissent,11,MINOR,False,"Baseline covariate adjustment is insufficiently specified and may include post-randomization mediators (e.g., time to vascular access, time to first drug) on the causal pathway."
R05,graduated_dissent,12,MINOR,False,Blinding of outcome assessors is not established; CPC neurological scoring may have been unblinded.
R05,graduated_dissent,13,MINOR,False,Generalizability is limited by exclusion of patients >80 years (~40% of OHCA population) and restriction to humeral IO placement.
R05,graduated_dissent,14,MAJOR-REVISION,False,"Possible period effects in the biweekly cluster crossover design, especially during COVID-disrupted operations, may not be adequately modeled. Calendar time, team intensity, and case-mix shifts could "
R10,graduated_dissent,1,MAJOR-REVISION,False,"Severe selection bias from restricting analysis to the 21.5% (253/1176) of hospitalized patients with a prior vitamin D measurement, where testing was non-random and likely driven by clinical suspicio"
R10,graduated_dissent,2,MAJOR-REVISION,False,"Substantial residual confounding by indication and unmeasured health factors (frailty, socioeconomic status, nursing home residence, smoking, medication use, chronic inflammatory disease) not controll"
R10,graduated_dissent,3,MAJOR-REVISION,False,"Overinterpretation of observational associations as causal or quasi-causal, including statements that vitamin D deficiency 'contributes to the causal pathway,' unsupported by the retrospective, non-ra"
R10,graduated_dissent,4,MAJOR-REVISION,False,"Exposure misclassification from using vitamin D measurements taken 14 to 730 days before infection, with no supplementation data and no sensitivity analyses stratified by time lag between measurement "
R10,graduated_dissent,5,MAJOR-REVISION,False,"The cosinor model for seasonal adjustment is weakly justified when applied patient-level from a single historical measurement, assuming identical seasonal variation across diverse individuals."
R10,graduated_dissent,6,MAJOR-REVISION,False,"Use of backward elimination for model selection in a modest sample, risking unstable coefficients and anti-conservative inference, compounded by potential sparse-data/low events-per-variable concerns."
R10,graduated_dissent,7,MAJOR-REVISION,False,"Missing comparison between included (tested, n=253) and excluded (untested, n=923) hospitalized patients, preventing assessment of representativeness or direction of selection bias."
R10,graduated_dissent,8,MAJOR-REVISION,False,Mortality claims are emphasized in the abstract and conclusions but are not supported by a dedicated adjusted mortality model; the primary adjusted analysis targets disease severity classification.
R10,graduated_dissent,9,MAJOR-REVISION,False,Incomplete or inconsistent adjustment for ethnicity in the main model despite documented strong ethnic differences in vitamin D deficiency and plausible confounding through social and biological pathw
R10,graduated_dissent,10,MINOR,False,"Collider bias from conditioning the analysis on hospitalized patients, which can induce or distort associations between vitamin D and in-hospital severity."
R10,graduated_dissent,11,MINOR,False,"Inconsistent vitamin D category labels: 'high-normal' described as ≥187.5 nmol/L or 40 ng/mL, but 40 ng/mL = 100 nmol/L, not 187.5 nmol/L."
R10,graduated_dissent,12,MINOR,False,Use of one-sided p-values for the BMI-vitamin D analysis after a non-significant two-sided result.
R10,graduated_dissent,13,MINOR,False,Ad hoc outlier removal (>2 SD from regression fit) in age-stratified correlation plots without justification.
R10,graduated_dissent,14,MINOR,False,Mixing 'prediction' and 'risk factor' language without presenting a validated predictive model.
R11,graduated_dissent,1,MAJOR-REVISION,False,"The mediation analysis reports an indirect effect of b = 0.0325 with SE = 0.0138, but the confidence interval is stated as 0.054–0.0596, which does not contain the point estimate and is implausibly na"
R11,graduated_dissent,2,MAJOR-REVISION,False,"The logistic regression results are ambiguously and inconsistently reported: three p-values and three ORs are listed without clear mapping to specific predictors, and several variables described in th"
R11,graduated_dissent,3,MAJOR-REVISION,True,"Causal and mechanistic interpretations are made from a cross-sectional design, particularly the mediation analysis claiming depersonalization is a 'pathway through which physiological stress manifests"
R11,graduated_dissent,4,MAJOR-REVISION,False,"Key potential confounders for hair cortisol (hair dye, cosmetic treatments, anti-dandruff shampoo, smoking) were collected but not incorporated into multivariable analyses of cortisol or burnout."
R11,graduated_dissent,5,MAJOR-REVISION,False,"Substantial multiple testing across numerous correlations and subgroup analyses (median splits by stress, support, cortisol) without any correction, prespecification, or formal interaction testing."
R11,graduated_dissent,6,MAJOR-REVISION,False,"Conceptual confusion in statistical test selection and reporting: 'median differences were tested using either the t-test or the Mann–Whitney test' (t-test compares means, not medians); correlation co"
R11,graduated_dissent,7,MAJOR-REVISION,False,"Use of dichotomization/median splits for continuous variables (perceived stress, social support, hair cortisol) in subgroup analyses."
R11,graduated_dissent,8,MAJOR-REVISION,False,"Insufficient assay validation details for the hair cortisol measurement, including extraction reproducibility, limits of detection, and whether the chemiluminescent method was validated for hair matri"
R11,graduated_dissent,9,MAJOR-REVISION,False,"The claim that 10% had 'altered' hair cortisol based on an external reference interval from 'healthy individuals with low stress' without discussing assay comparability, population comparability, or v"
R11,graduated_dissent,10,MAJOR-REVISION,False,"Selection and exclusion criteria (excluding psychotropic drug use, mental health history, glucocorticoid use, HPA-axis disorders, short hair) may systematically bias the sample away from the most stre"
R11,graduated_dissent,11,MINOR,False,"Comparison to the authors' prior first-wave study is interpreted as temporal improvement, but the current study uses a different cohort with only partial overlap, making direct longitudinal inference "
R11,graduated_dissent,12,MAJOR-REVISION,False,"Possible events-per-variable problem in the logistic regression: with ~11% burnout prevalence in ~234 participants (~25 cases) and multiple predictors, the model may be overfit and unstable."
R11,graduated_dissent,13,MINOR,False,"The burnout definition requiring simultaneous high EE, high DP, and low PA is unusually strict but not justified; different accepted definitions substantially alter prevalence estimates."
R11,graduated_dissent,14,MINOR,False,"No sample size or power justification provided, particularly problematic for subgroup analyses with very small cells (e.g., maintenance personnel n=8)."
R11,graduated_dissent,15,MINOR,False,Malformed profession percentages in Table 1 ('n = 109% = 22') suggesting poor quality control in data reporting.
R11,graduated_dissent,16,MINOR,False,"Small effect sizes (correlations ~0.10–0.18) are discussed without adequate attention to practical significance, and conclusions are framed more strongly than the data warrant."
R11,graduated_dissent,17,MINOR,False,"No clear handling of clustering by hospital/occupation is described; if participants are nested within hospitals, standard errors may be anti-conservative."
R19,graduated_dissent,1,RETRACTION-WORTHY,False,"Misaligned time-zero between treatment groups: monotherapy indexed from GLP-1 initiation, combination therapy indexed from later bupropion/naltrexone add-on. The primary comparison does not estimate a"
R19,graduated_dissent,2,RETRACTION-WORTHY,True,"Inappropriate use of hazard ratio (HR 0.88) to compare continuous weight change (TBWL) between groups. HRs are for time-to-event outcomes, not continuous endpoints."
R19,graduated_dissent,3,MAJOR-REVISION,False,"Immortal-time bias / selection on future treatment: combination group patients must survive, adhere, and remain under observation on GLP-1 long enough to receive add-on therapy, creating guaranteed ev"
R19,graduated_dissent,4,MAJOR-REVISION,False,"Contradictory results: overall null finding (HR 0.88, p=0.35) but statistically significant benefit of add-on in both responder and non-responder subgroups. The abstract's conclusion favoring combinat"
R19,graduated_dissent,5,MAJOR-REVISION,False,"Confounding by indication: treatment escalation was non-random and likely driven by clinical factors (poor response, higher BMI, comorbidities), with no described adjustment methods."
R19,graduated_dissent,6,MAJOR-REVISION,False,"Subgroup analysis based on variable-duration prior GLP-1 response ('any amount of time') introduces selection bias, regression to the mean, and potential collider bias."
R19,graduated_dissent,7,MAJOR-REVISION,False,Ambiguity in baseline weight reference for the combination group: unclear whether TBWL is measured from GLP-1 initiation or from add-on initiation.
R19,graduated_dissent,8,MINOR,False,"Insufficient reporting: missing details on GLP-1 agent/dose, weight measurement protocols, time gap between GLP-1 start and add-on, missing data handling, treatment discontinuation, and adherence."
R19,graduated_dissent,9,MINOR,False,"Pooling of GLP-1 analogues without specification of agent, dose, or indication (obesity vs. diabetes dosing)."
R19,graduated_dissent,10,MINOR,False,"Multiplicity concerns: significant subgroup effects in the setting of an overall null result, with no indication of pre-specification or multiplicity adjustment."
R24,graduated_dissent,1,RETRACTION-WORTHY,True,"Non-independence of observations: 61 patients contributed 65 procedures (including bilateral cases), but analyses treat each procedure as independent without accounting for within-patient clustering v"
R24,graduated_dissent,2,MAJOR-REVISION,False,"Causal/quasi-causal predictor claims from a single-arm uncontrolled retrospective case series: the regression cannot identify treatment-effect modifiers without a comparator group, yet the paper concl"
R24,graduated_dissent,3,MAJOR-REVISION,False,"High risk of nonresponse/selection bias: only 58% of eligible patients responded, with no comparison of responders vs. nonresponders, likely inflating reported improvement."
R24,graduated_dissent,4,MAJOR-REVISION,False,"Overfitting and instability of multivariable regression, particularly the depression predictor based on only 5 patients, producing large unstable coefficients vulnerable to single-observation leverage"
R24,graduated_dissent,5,MAJOR-REVISION,False,"Pre/post comparisons described as using Mann-Whitney U tests (independent samples) rather than appropriate paired tests (e.g., Wilcoxon signed-rank) for within-subject pre-post data."
R24,graduated_dissent,6,MAJOR-REVISION,False,"Predictor selection based on univariate screening and clinical experience, a data-dependent strategy that inflates Type I error and produces anticonservative p-values in the final model."
R24,graduated_dissent,7,MAJOR-REVISION,False,"Use of change scores as dependent variable without explicit baseline adjustment, risking confounding from regression to the mean and ceiling/floor effects on bounded 0-100 scales."
R24,graduated_dissent,8,MAJOR-REVISION,False,"Deep posterior compartment involvement as a predictor is confounded: it encodes both disease pattern and receipt of a more extensive surgical procedure (4-compartment vs. 2-compartment release), makin"
R24,graduated_dissent,9,MAJOR-REVISION,False,"No model diagnostics reported for linear regression (residual distribution, heteroskedasticity, influential points), despite bounded outcomes, sparse predictors, and small sample."
R24,graduated_dissent,10,MAJOR-REVISION,False,Incomplete complication reporting: safety outcomes ascertained only among responders with no systematic capture for the full eligible cohort.
R24,graduated_dissent,11,MINOR,False,"Multiple outcomes and predictors tested without adjustment for multiplicity, with several marginal p-values near 0.05."
R24,graduated_dissent,12,MINOR,False,"Wide and variable follow-up time (12-115 months) not incorporated into the predictor model, introducing heterogeneity and potential confounding."
R24,graduated_dissent,13,MINOR,False,Inconsistent reporting of FAAM-Sports change score (40.4 in text vs. 41.0 implied by table values).
R24,graduated_dissent,14,MINOR,False,Unclear whether preoperative FAAM/SANE/VAS scores were prospectively captured uniformly before surgery or reconstructed from variable clinical records.
R25,graduated_dissent,1,MAJOR-REVISION,False,"Invalid comparison of wildfire vs. nonwildfire PM2.5 effect estimates. The per 1 µg/m³ coefficients are compared despite wildfire PM2.5 having a median ~0.09 µg/m³ and nonwildfire ~11.2 µg/m³, making "
R25,graduated_dissent,2,MAJOR-REVISION,False,"Inadequate control for spatial confounding. Exposure is assigned at census-tract level, but the model includes only two tract-level covariates (poverty, population density) with no spatial fixed effec"
R25,graduated_dissent,3,MAJOR-REVISION,False,"Unvalidated wildfire/nonwildfire PM2.5 source separation. The exposure model subtracts estimated nonwildfire PM2.5 from total PM2.5 on smoky days. The reported R²=0.78 is for total PM2.5, not for the "
R25,graduated_dissent,4,MAJOR-REVISION,False,Potential immortal-time/selection bias from requiring enrollment for ≥1 day in the year following the baseline year. This conditions cohort inclusion on post-baseline survival and health plan retentio
R25,graduated_dissent,5,MAJOR-REVISION,False,"Age appears adjusted only at baseline ('age at cohort entry') in pooled logistic models spanning 10+ years of follow-up, rather than using time-updated attained age or age as the time scale. Dementia "
R25,graduated_dissent,6,MAJOR-REVISION,False,"No adjustment for healthcare utilization intensity in EHR-based dementia ascertainment. Diagnosis probability depends heavily on visit frequency, specialist access, and care-seeking behavior, all of w"
R25,graduated_dissent,7,MAJOR-REVISION,False,"Incident dementia ascertainment without a clearly described washout/lookback period sufficient to distinguish incident from prevalent cases. Neurodegenerative diseases have long preclinical periods, a"
R25,graduated_dissent,8,MAJOR-REVISION,False,"Three-year rolling exposure window with no lagged analyses reported. Given dementia's long preclinical period, recent exposure windows may capture reverse causation or protopathic bias (e.g., if prodr"
R25,graduated_dissent,9,MAJOR-REVISION,False,Subgroup conclusions about heightened dementia risk in racially minoritized groups rest on imprecise estimates from heterogeneous or sparse categories. The 'Other' race/ethnicity group (combining mult
R25,graduated_dissent,10,MAJOR-REVISION,False,Overstated causal language in competing risk/death sensitivity analysis. The manuscript claims to estimate a 'controlled direct effect after eliminating' death and loss to follow-up using inverse prob
R25,graduated_dissent,11,MINOR,False,"No clear accounting for within-person correlation in pooled logistic regression. If naive (non-robust, non-clustered) standard errors are used on repeated person-period observations, confidence interv"
R25,graduated_dissent,12,MINOR,False,Odds ratios interpreted as risk increases without explicit justification that the rare-event approximation holds for the chosen discrete-time interval structure.
R25,graduated_dissent,13,MINOR,False,"Missing individual-level socioeconomic confounders (education, income) with reliance on proxy variables (relationship status, interpreter need, race/ethnicity) and tract-level covariates."
R25,graduated_dissent,14,MINOR,False,Calendar year fixed effects may not fully control secular changes in dementia coding practices (ICD-9/ICD-10 transition) and wildfire exposure trends.
W01,graduated_dissent,1,MAJOR-REVISION,False,"The manuscript states that microbiota-derived SCFAs, folate, methionine, and B vitamins are used by host enzymes as direct 'acetyl or methyl donors' for histone modifications. This is biochemically in"
W01,graduated_dissent,2,MAJOR-REVISION,False,"Table 1 contains internal contradictions where directional arrows for histone modifications conflict with the narrative text descriptions. For example, a row states '↓ H3K4me3' while the accompanying "
W01,graduated_dissent,3,MINOR,False,"The manuscript systematically uses causal/mechanistic language ('the gut microbiota can regulate,' 'microbiota-epigenetic circuit') where the cited literature is largely associative, indirect, or limi"
W01,graduated_dissent,4,MINOR,False,"The review generalizes from in vitro studies, non-gut tissues, transformed cell lines, and pathogen-infection models (e.g., Legionella, Listeria, LPS in lung epithelial cells) to gut commensal microbi"
W01,graduated_dissent,5,MINOR,False,"The review conflates germ-free and antibiotic-treated models as providing equivalent evidence for microbiota-dependent mechanisms, without discussing the substantial differences between these models ("
W01,graduated_dissent,6,MINOR,False,"The manuscript does not clearly distinguish between evidence that microbiota changes clock gene expression levels versus evidence of altered circadian rhythmicity parameters (period, phase, amplitude)"
W01,graduated_dissent,7,MINOR,False,Chenodeoxycholic acid is described as 'derived from the gut microbiota' alongside deoxycholic acid. Chenodeoxycholic acid is a primary bile acid synthesized by the host; only deoxycholic acid is a mic
W01,graduated_dissent,8,MINOR,False,"Figure 3 presents hypothetical pathways (e.g., HDAC3 mediating rhythmic MHC-II expression and STAT3 activity) in a manner visually and rhetorically close to established mechanisms, without clearly dis"
W01,graduated_dissent,9,MINOR,False,"The review uses broad disease implications (carcinoma, obesity, diabetes, neurodegenerative disorders) without consistently evaluating evidence strength or distinguishing causal, correlative, preclini"
W01,graduated_dissent,10,MINOR,False,"Multiple editorial quality issues including inconsistent nomenclature, possible typos (e.g., 'Legionellea'), and inconsistent scientific terminology that reduce confidence in the review's precision."
W01,graduated_dissent,11,MINOR,False,"No explicit methodology for literature selection, inclusion/exclusion criteria, or evidence appraisal is provided."
W02,graduated_dissent,1,MAJOR-REVISION,False,The MD simulation protocol used to generate candidate structural ensembles is fundamentally flawed. 800 K simulations with extremely short trajectories (20-40 ns) produce physically non-representative
W02,graduated_dissent,2,MAJOR-REVISION,False,"The ensemble fitting of SAXS/TRXSS data into specific microscopic structures and precise subpopulation fractions (e.g., F1 20%, F2 47%, F3 33%) is a severe overinterpretation of inherently low-informa"
W02,graduated_dissent,3,MAJOR-REVISION,False,"The reported oligonucleotide sequence (5′-CCC TAA CCC TAA CCC TAA CCC TAA CCC-3′, 27 nucleotides with five CCC tracts) is inconsistent with the manuscript's description of a 21-nucleotide construct wi"
W02,graduated_dissent,4,MAJOR-REVISION,False,"The kinetic model (U→I→F→U) is imposed as a sequential scheme without testing alternative models (parallel pathways, branching, direct U→F conversion, multiple intermediates). The extracted species-as"
W02,graduated_dissent,5,MAJOR-REVISION,False,The manuscript lacks direct calibration of the pH-jump magnitude and temporal profile in the exact sample conditions used for DNA measurements. Without knowing the actual local pH excursion and its li
W02,graduated_dissent,6,MAJOR-REVISION,False,Equilibrium SAXS and TRXSS experiments were performed in materially different buffer conditions (10 mM phosphate + 140 mM NaCl vs. water + 150 mM NaCl + 8 mM o-nitrobenzaldehyde at pH 6.8). Using equi
W02,graduated_dissent,7,MAJOR-REVISION,False,"The earliest structural event is claimed to occur within 113 ns, but Methods report TRXSS delays from 300 ns to 50 ms, while Results mention data spanning 10 ns to 50 ms. This inconsistency makes it u"
W02,graduated_dissent,8,MINOR,False,"The candidate-structure sampling description is internally inconsistent (e.g., 40 ns trajectory sampled every 20 fs should yield ~2 million frames, not the reported ~1000), suggesting non-transparent "
W02,graduated_dissent,9,MINOR,False,"The manuscript claims a sharp two-state equilibrium transition from SAXS (midpoint 6.2, FWHM 0.08 pH unit) but simultaneously emphasizes conformational heterogeneity and intermediates in the kinetic d"
W02,graduated_dissent,10,MINOR,False,The Guinier analysis and Bayesian indirect Fourier transforms applied to highly flexible/disordered single-stranded DNA ensembles are not sufficiently qualified regarding sensitivity to q-range select
W02,graduated_dissent,11,MINOR,False,The speculative reinterpretation of prior FRET observations based on the proposed compact misfolded species lacks orthogonal validation and should be presented as a hypothesis rather than a demonstrat
W02,graduated_dissent,12,MINOR,False,"The protonation state assignments in MD simulations are not clearly specified: which cytosines are protonated in each simulated state, whether protonation patterns were fixed or sampled, and how they "
W03,graduated_dissent,1,MAJOR-REVISION,False,"Absence of systematic benchmarking or validation against experimental structures, competing docking methods, or established benchmarks for TPS or enzyme systems. Claims of 'successful use' rest on qua"
W03,graduated_dissent,2,MAJOR-REVISION,False,"Heavy reliance on user-defined restraints and 'chemical intuition' for pose generation and pathway identification, creating substantial confirmation bias risk. The manuscript acknowledges that without"
W03,graduated_dissent,3,MAJOR-REVISION,False,"Conflation of review and primary research genres. The manuscript is framed as a review but functions as a promotional methods paper for the authors' own software, including unpublished results, detail"
W03,graduated_dissent,4,MAJOR-REVISION,False,"Absence of quantitative performance metrics throughout. No pose RMSD distributions, success rates across catalytic states, enrichment over random, stereochemical outcome recovery rates, or any numeric"
W03,graduated_dissent,5,MAJOR-REVISION,False,Inadequate description of the core docking algorithm's novelty. The manuscript does not clearly specify what makes EnzyDock's conformational search uniquely effective beyond combining known CHARMM com
W03,graduated_dissent,6,MAJOR-REVISION,False,"No reproducibility details on stochastic variability, number of independent runs, convergence criteria, or failure rates, despite the Monte Carlo/simulated annealing nature of the workflow."
W03,graduated_dissent,7,MAJOR-REVISION,False,"Workflow vulnerability to path dependence from choice of docking seed and sequential state propagation, with no sensitivity analysis presented for alternative seeds, restraint strengths, sampling sett"
W03,graduated_dissent,8,MAJOR-REVISION,False,"Scoring and ranking framework insufficiently validated for carbocations and unusual high-energy intermediates. The manuscript acknowledges standard force fields are poor for such species, yet much of "
W03,graduated_dissent,9,MAJOR-REVISION,False,"Absence of failure cases, negative controls, or discussion of systems where EnzyDock underperforms. Only successful examples are presented, creating a selective reporting concern."
W03,graduated_dissent,10,MAJOR-REVISION,False,"Potential circular validation: docked poses may be judged successful partly because downstream QM/MM or free-energy analyses from the same modeling pipeline and assumptions find them plausible, rather"
W03,graduated_dissent,11,MINOR,False,"Ambiguous/overstated claims about docking 'transition states.' The manuscript does not clarify how transition state structures are defined, generated, constrained, or distinguished from stable interme"
W03,graduated_dissent,12,MINOR,False,Use of unpublished results (catalytic water pocket in CotB2) as supporting evidence for methodological claims.
W03,graduated_dissent,13,MINOR,False,"Conflation of 'biochemically meaningful poses' with evidence for actual in-enzyme reaction pathways. Docking of intermediates provides structural hypotheses, not direct mechanistic proof."
W03,graduated_dissent,14,MINOR,False,"No guidance on how results degrade for apo structures, homology models, or AlphaFold models, despite suggesting such uses are possible."
W03,graduated_dissent,15,MINOR,False,"Incomplete reporting of software availability, dependencies, version control, example datasets, and validation suite for ensuring correct installation."
W04,graduated_dissent,1,MAJOR-REVISION,False,"The description of the blood-pressure study (ref 120) appears methodologically confused: stating data were randomized into ten parts, 'using one part for training and the remaining nine for 10-fold cr"
W04,graduated_dissent,2,MAJOR-REVISION,False,"The review systematically reports high accuracies/AUCs from cited studies without critical appraisal of validation design, creating an overly optimistic picture of ML maturity in wearable sensing. Thi"
W04,graduated_dissent,3,MINOR,False,"The review omits discussion of core real-world deployment challenges in wearable ML (dataset shift, inter-subject variability, calibration burden, confounding, missingness, failure modes) and does not"
W04,graduated_dissent,4,MINOR,False,"The review lacks explicit systematic methodology (search strategy, inclusion/exclusion criteria, quality assessment, evidence grading) while making claims about comprehensiveness ('latest advancements"
W04,graduated_dissent,5,MINOR,False,The manuscript mischaracterizes k-means clustering as a 'classification model' for mask-position recognition.
W04,graduated_dissent,6,MINOR,False,"The review uses 'ML algorithms' and 'AI' interchangeably, makes overly categorical claims about cloud AI accuracy, and attributes capabilities to ML monolithically rather than specifying validated mod"
W04,graduated_dissent,7,MINOR,False,"Table 1 comparing ML algorithms is overly simplistic and contains debatable claims (e.g., SVMs 'robust to overfitting') without context for wearable sensor applications."
W05,graduated_dissent,1,MAJOR-REVISION,False,"Circularity/confounding from Human Footprint Index as the dominant predictor (62.6%) when human case occurrence is itself conditional on human presence, settlement, healthcare access, and reporting in"
W05,graduated_dissent,2,MAJOR-REVISION,False,"Human case locations treated as ecological presence records for MaxEnt without adequately addressing that they reflect transmission, healthcare access, surveillance intensity, population density, and "
W05,graduated_dissent,3,MAJOR-REVISION,False,"Human Footprint Index held constant in future projections despite contributing 62.6% of model explanatory power, creating biologically incoherent future suitability maps."
W05,graduated_dissent,4,MAJOR-REVISION,False,"No sampling-bias correction or explicit background sampling strategy described, despite known uneven surveillance and geocoding success across the study region."
W05,graduated_dissent,5,MAJOR-REVISION,False,"Temporal mismatch: occurrence data spanning 2001–2018 paired with static contemporary environmental layers, with no attempt to match cases to contemporaneous covariates."
W05,graduated_dissent,6,MAJOR-REVISION,False,"Inference of disease 'expansion' from accumulated presence-only records cannot distinguish true epidemiological spread from changes in surveillance, diagnosis, geocoding completeness, or population gr"
W05,graduated_dissent,7,MAJOR-REVISION,False,Spatial thinning from 855 geocoded positives to 84 points using a 10 km filter without ecological justification or sensitivity analysis.
W05,graduated_dissent,8,MAJOR-REVISION,False,Future projections rely on a single Global Climate Model (CNRM-CM6-1) without multi-model ensemble or uncertainty quantification across GCMs.
W05,graduated_dissent,9,MAJOR-REVISION,False,"Calibration area (accessible area, M in BAM framework) not explicitly defined, despite being a foundational specification in MaxEnt/kuenm workflows."
W05,graduated_dissent,10,MAJOR-REVISION,False,No adjustment for population at risk when modeling human case occurrence; suitability may be conflated with population concentration.
W05,graduated_dissent,11,MAJOR-REVISION,False,"No independent spatial/temporal validation beyond internal MaxEnt metrics (partial ROC, AICc, omission); no spatial block cross-validation or temporal holdout."
W05,graduated_dissent,12,MAJOR-REVISION,False,"Variable selection process lacks transparency: final 6 variables from 28 candidates, but eliminated variables and correlation structure not shown; potential residual multicollinearity."
W05,graduated_dissent,13,MINOR,False,"Interpretation of MaxEnt percent contribution values as stable causal effect sizes (e.g., 'HFP contributed 62.6% to explain VL cases') when these are algorithm-dependent heuristic measures unstable un"
W05,graduated_dissent,14,MINOR,False,Conflation of suitability maps from presence-only ENM with incidence/risk maps in language and interpretation.
W05,graduated_dissent,15,MINOR,False,"MOP analysis shows extrapolation risk for 2061–2080 projections, but quantitative expansion conclusions are not masked or qualified for high-risk extrapolation areas."
W05,graduated_dissent,16,MINOR,False,"Model selection and threshold choice for binary maps underreported; multiple thresholds considered but one chosen without robust justification, making reported expansion percentages potentially thresh"
W05,graduated_dissent,17,MINOR,False,Resampling all variables to 30 arc-seconds using nearest neighbor is suboptimal for continuous environmental variables.
